LINK_ID,도로등급,도로명,시도,구군,연장km,차선수,전일,7-9시,18-20시
1013669,일반국도,경인로,서울특별시,구로구,0.157,6,28299,5378,4614
1013670,일반국도,경인로,서울특별시,구로구,0.157,6,27351,4372,4691
1013672,일반국도,경인로,서울특별시,구로구,0.095,6,29471,4757,4909
1013673,일반국도,경인로,서울특별시,구로구,0.095,6,28144,5235,4936
1013688,일반국도,경인로,서울특별시,구로구,0.072,6,26727,4836,4652
1013689,일반국도,경인로,서울특별시,구로구,0.072,6,26051,4200,4473
1013698,일반국도,경인로,서울특별시,구로구,0.522,6,28937,4960,4933
1013699,일반국도,경인로,서울특별시,구로구,0.522,6,26202,4464,4498
1013702,일반국도,경인로,서울특별시,구로구,0.821,6,30712,5297,5100
1013703,일반국도,경인로,서울특별시,구로구,0.821,6,30866,5417,5360
1013704,일반국도,경인로,서울특별시,구로구,0.634,6,29361,4773,5001
1013705,일반국도,경인로,서울특별시,구로구,0.019,6,30735,5525,6066
1013706,일반국도,경인로,서울특별시,구로구,0.019,6,27782,6469,4276
1013722,일반국도,서부간선도로,서울특별시,구로구,0.563,2,48038,6756,6359
1013723,일반국도,서부간선도로,서울특별시,구로구,0.486,2,51311,6302,6337
1013724,일반국도,서부간선도로,서울특별시,구로구,0.654,2,46780,6499,6618
1013727,일반국도,경인로,서울특별시,구로구,0.025,10,34198,5960,6070
1013728,일반국도,경인로,서울특별시,구로구,0.025,10,39672,6016,6321
1013729,일반국도,경인로,서울특별시,구로구,0.226,10,34951,5986,6112
1013730,일반국도,경인로,서울특별시,구로구,0.226,10,40626,5919,7413
1013793,일반국도,경인로,서울특별시,구로구,1.358,6,23887,4001,4606
1013794,일반국도,서부간선도로,서울특별시,구로구,0.258,2,50664,6290,6409
1013917,일반국도,경인로,서울특별시,구로구,0.035,8,31767,6178,5384
1013918,일반국도,경인로,서울특별시,구로구,0.035,8,31305,5518,5630
1013919,일반국도,경인로,서울특별시,구로구,0.019,10,33330,6323,5836
1013920,일반국도,경인로,서울특별시,구로구,0.019,10,33400,6331,5975
1013946,일반국도,서부간선도로,서울특별시,구로구,0.792,2,46827,7040,6840
1014014,일반국도,개화동로,서울특별시,강서구,0.5,2,37327,6307,6513
1014036,일반국도,개화동로,서울특별시,강서구,0.28,4,40179,7165,5742
1014046,일반국도,공항대로,서울특별시,강서구,1.172,4,30728,5312,5614
1014058,일반국도,방화대로,서울특별시,강서구,0.048,8,15721,2674,3694
1014059,일반국도,방화대로,서울특별시,강서구,0.048,8,29154,6212,5273
1014073,일반국도,공항대로,서울특별시,강서구,0.077,4,30991,5496,5286
1014076,일반국도,공항대로,서울특별시,강서구,0.05,4,31186,7125,5164
1014239,일반국도,김포대로,서울특별시,강서구,0.615,4,23489,3835,4513
1014272,일반국도,공항대로,서울특별시,강서구,0.067,8,26452,5004,4623
1014273,일반국도,공항대로,서울특별시,강서구,0.067,8,28061,5827,4763
1014289,일반국도,공항대로,서울특별시,강서구,0.027,8,25397,4395,4944
1014290,일반국도,공항대로,서울특별시,강서구,0.027,8,21486,4352,4632
1014295,일반국도,인천국제공항고속도로,서울특별시,강서구,0.01,5,16721,3518,3519
1014296,일반국도,인천국제공항고속도로,서울특별시,강서구,0.01,5,13660,3015,2061
1014519,일반국도,인천국제공항고속도로,서울특별시,강서구,0.09,5,13116,2905,2124
1014520,일반국도,인천국제공항고속도로,서울특별시,강서구,0.09,5,14853,3306,3051
1014574,일반국도,벌말로,서울특별시,강서구,0.294,4,24699,4971,4182
1014793,일반국도,개화동로,서울특별시,강서구,0.259,3,39594,5864,8389
1014920,일반국도,개화동로,서울특별시,강서구,0.306,3,25750,4858,5749
1015100,일반국도,개화동로,서울특별시,강서구,0.195,3,33753,6043,6181
1016585,일반국도,경인로,서울특별시,구로구,0.439,4,22534,4423,3923
1016586,일반국도,경인로,서울특별시,구로구,0.439,4,23707,4342,3927
1016587,일반국도,서부간선도로,서울특별시,금천구,0.683,2,47008,7781,6277
1016588,일반국도,서부간선도로,서울특별시,금천구,0.51,2,44027,5392,6290
1016766,일반국도,시흥대로,서울특별시,금천구,0.727,5,37618,6366,7223
1016860,일반국도,서부간선도로,서울특별시,금천구,0.415,2,52184,6310,6682
1016861,일반국도,서부간선도로,서울특별시,금천구,0.475,2,45300,6132,6442
1017135,일반국도,증산로,서울특별시,은평구,0.091,5,34215,5186,6365
1017136,일반국도,증산로,서울특별시,은평구,0.091,5,28278,4176,4443
1017137,일반국도,증산로,서울특별시,은평구,0.218,6,32294,4408,5304
1017138,일반국도,증산로,서울특별시,은평구,0.976,6,27929,5348,4491
1017146,일반국도,농수산시장로,서울특별시,마포구,0.429,6,24544,4650,4351
1017147,일반국도,농수산시장로,서울특별시,마포구,0.429,6,23006,3783,4232
1017162,일반국도,성산로,서울특별시,서대문구,0.487,8,38032,6515,6427
1017163,일반국도,성산로,서울특별시,서대문구,0.487,8,41654,5485,7991
1017164,일반국도,종로,서울특별시,종로구,0.313,3,26088,4849,4569
1017166,일반국도,사직로,서울특별시,종로구,0.157,6,31502,5290,6039
1017167,일반국도,사직로,서울특별시,종로구,0.146,7,33520,5813,5360
1017184,일반국도,성산로,서울특별시,종로구,0.643,4,30697,4419,5867
1017185,일반국도,성산로,서울특별시,종로구,0.643,4,35241,7137,5470
1017186,일반국도,사직로,서울특별시,종로구,0.035,6,31826,6232,5856
1017187,일반국도,사직로,서울특별시,종로구,0.035,6,34077,6341,5478
1017188,일반국도,성산로,서울특별시,서대문구,0.093,4,27508,4324,5343
1017189,일반국도,성산로,서울특별시,서대문구,0.093,4,30267,6072,4774
1017191,일반국도,종로,서울특별시,종로구,0.186,3,25808,4718,4696
1017194,일반국도,새문안로,서울특별시,종로구,0.767,4,28312,5354,4937
1017195,일반국도,세종대로,서울특별시,종로구,0.27,3,29227,4787,6135
1017211,일반국도,종로,서울특별시,종로구,0.395,6,23164,4131,3788
1017266,일반국도,공항대로,서울특별시,양천구,0.226,4,54488,11711,7467
1017350,일반국도,선유로,서울특별시,마포구,0.158,3,40845,7938,7702
1017362,일반국도,양화로,서울특별시,마포구,0.978,4,33924,5908,5759
1017374,일반국도,성산로,서울특별시,마포구,0.016,4,72978,11893,8280
1017375,일반국도,성산로,서울특별시,마포구,0.203,4,21495,4211,4524
1017376,일반국도,성산로,서울특별시,마포구,0.203,4,51951,8278,7064
1017377,일반국도,농수산시장로,서울특별시,마포구,0.096,3,20734,3586,3857
1017378,일반국도,농수산시장로,서울특별시,마포구,0.096,3,17767,3658,3693
1017400,일반국도,성산로,서울특별시,서대문구,1.023,4,33765,6304,5783
1017401,일반국도,성산로,서울특별시,서대문구,1.023,4,33033,5339,6136
1017402,일반국도,성산로,서울특별시,서대문구,0.176,4,38209,6135,7471
1017410,일반국도,신촌로,서울특별시,마포구,0.498,4,31203,5905,5227
1017417,일반국도,성산로,서울특별시,서대문구,0.36,6,34480,4522,7107
1017418,일반국도,성산로,서울특별시,서대문구,0.36,6,33748,5471,6620
1017420,일반국도,성산로,서울특별시,서대문구,0.417,8,37719,6688,5767
1017421,일반국도,성산로,서울특별시,서대문구,0.417,8,40822,4449,8283
1017451,일반국도,마포대로,서울특별시,마포구,0.244,5,60410,10540,10017
1017452,일반국도,마포대로,서울특별시,마포구,0.051,5,58411,9921,8971
1017454,일반국도,마포대로,서울특별시,마포구,0.174,5,47017,8733,7122
1017470,일반국도,서부간선도로,서울특별시,영등포구,0.277,2,45338,6541,5192
1017472,일반국도,서부간선도로,서울특별시,영등포구,0.287,2,50722,7572,5788
1017474,일반국도,서부간선도로,서울특별시,영등포구,0.112,2,53847,7615,5969
1017479,일반국도,서부간선도로,서울특별시,양천구,0.254,2,47460,6512,6309
1017503,일반국도,서부간선도로,서울특별시,영등포구,0.65,2,54546,6985,6480
1017539,일반국도,선유로,서울특별시,영등포구,0.116,2,27713,5602,4470
1017540,일반국도,선유로,서울특별시,영등포구,0.18,1,16820,3797,2684
1017544,일반국도,선유로,서울특별시,영등포구,0.093,1,28135,5497,4611
1017566,일반국도,여의대로,서울특별시,영등포구,0.161,5,45973,9659,7570
1017617,일반국도,경인로,서울특별시,영등포구,0.487,2,33535,6530,6293
1017636,일반국도,여의대로,서울특별시,영등포구,0.47,4,40185,8928,5748
1017637,일반국도,여의대로,서울특별시,영등포구,0.234,4,40985,9042,6452
1017728,일반국도,서부간선도로,서울특별시,구로구,0.459,2,42484,6784,4875
1017729,일반국도,서부간선도로,서울특별시,영등포구,0.402,2,45853,6988,5223
1017739,일반국도,서부간선도로,서울특별시,영등포구,0.603,2,52742,8145,6205
1017740,일반국도,서부간선도로,서울특별시,영등포구,0.443,2,52410,6876,6756
1017741,일반국도,서부간선도로,서울특별시,영등포구,0.437,2,54348,7819,7159
1017742,일반국도,서부간선도로,서울특별시,영등포구,0.409,2,49660,7504,5495
1017743,일반국도,서부간선도로,서울특별시,영등포구,0.443,2,50374,6590,6599
1017745,일반국도,서부간선도로,서울특별시,구로구,0.718,2,54491,7494,6613
1017790,일반국도,서부간선도로,서울특별시,양천구,0.434,2,45279,6536,6100
1017792,일반국도,서부간선도로,서울특별시,구로구,0.74,2,47532,6688,6335
1017816,일반국도,경인로,서울특별시,영등포구,0.344,4,36570,6667,5842
1017873,일반국도,성산로,서울특별시,서대문구,0.043,8,44131,6074,7576
1017874,일반국도,성산로,서울특별시,서대문구,0.043,8,42446,7589,7380
1017894,일반국도,증산로,서울특별시,마포구,0.06,6,32833,5878,5892
1017895,일반국도,증산로,서울특별시,마포구,0.685,6,36511,5618,6758
1017927,일반국도,성산로,서울특별시,마포구,0.12,3,20738,4150,4564
1017928,일반국도,성산로,서울특별시,마포구,0.12,3,40907,6469,6198
1017929,일반국도,성산로,서울특별시,마포구,0.096,3,47011,8476,7333
1017930,일반국도,-,서울특별시,마포구,0.081,1,17307,2626,2546
1017931,일반국도,신촌로,서울특별시,마포구,0.473,4,35864,6458,6296
1017935,일반국도,양화로,서울특별시,마포구,0.606,4,32869,5828,5529
1017950,일반국도,성산로,서울특별시,영등포구,0.161,2,17091,2467,3318
1017960,일반국도,성산로,서울특별시,서대문구,0.249,4,40946,5558,8399
1017961,일반국도,성산로,서울특별시,서대문구,0.281,8,43427,7167,7289
1017962,일반국도,성산로,서울특별시,서대문구,0.281,8,40937,5692,8295
1017963,일반국도,성산로,서울특별시,서대문구,0.272,4,41807,7035,7367
1017964,일반국도,성산로,서울특별시,서대문구,0.191,3,34929,6063,6370
1018084,일반국도,경인로,서울특별시,영등포구,0.027,5,40745,8101,6161
1018087,일반국도,신촌로,서울특별시,마포구,0.279,5,48108,9240,7898
1018089,일반국도,신촌로,서울특별시,마포구,1.181,4,30862,5813,5189
1018090,일반국도,신촌로,서울특별시,서대문구,0.05,5,28563,5853,4908
1018118,일반국도,서부간선도로,서울특별시,영등포구,0.693,2,58253,9041,6291
1018207,일반국도,양화로,서울특별시,마포구,0.142,5,42745,7245,7058
1018258,일반국도,증산로,서울특별시,은평구,0.685,6,39293,7690,6488
1018314,일반국도,증산로,서울특별시,마포구,0.06,6,31432,5361,5743
1018336,일반국도,사직로,서울특별시,종로구,0.17,6,32921,5978,5958
1018337,일반국도,사직로,서울특별시,종로구,0.289,2,18473,2816,3377
1018338,일반국도,사직로,서울특별시,종로구,0.289,2,20959,4533,3258
1018417,일반국도,성산로,서울특별시,서대문구,0.746,2,35164,6643,5941
1018418,일반국도,성산로,서울특별시,서대문구,0.76,2,35597,5426,7147
1018498,일반국도,농수산시장로,서울특별시,마포구,0.049,6,24454,4293,5258
1018499,일반국도,농수산시장로,서울특별시,마포구,0.049,6,23246,4341,5317
1018547,일반국도,마포대로,서울특별시,마포구,0.164,5,44543,7321,8379
1018560,일반국도,선유로,서울특별시,영등포구,0.233,1,18324,4130,2663
1018563,일반국도,경인로,서울특별시,영등포구,0.912,4,38478,6717,6846
1018589,일반국도,통일로,서울특별시,은평구,0.569,6,25625,4595,4352
1018590,일반국도,통일로,서울특별시,은평구,0.569,6,25451,4371,4437
1018591,일반국도,통일로,서울특별시,은평구,0.938,6,26992,5320,5078
1018592,일반국도,통일로,서울특별시,은평구,0.938,6,26449,4736,5226
1018605,일반국도,연서로,서울특별시,은평구,0.172,6,27116,4538,4477
1018606,일반국도,연서로,서울특별시,은평구,0.172,6,26084,4769,4577
1018607,일반국도,증산로,서울특별시,은평구,0.73,6,25315,4930,4201
1018608,일반국도,증산로,서울특별시,은평구,0.73,6,26114,4330,4378
1018618,일반국도,통일로,서울특별시,은평구,0.394,6,27038,4695,4813
1018619,일반국도,통일로,서울특별시,은평구,0.496,6,27807,4783,4817
1018620,일반국도,통일로,서울특별시,은평구,0.931,6,25725,4554,4535
1018621,일반국도,통일로,서울특별시,은평구,0.931,6,25828,4391,4475
1018628,일반국도,연서로,서울특별시,은평구,0.589,6,25247,4263,4605
1035609,일반국도,영동대로,서울특별시,강남구,0.537,4,36743,5647,7271
1035611,일반국도,영동대로,서울특별시,강남구,0.068,4,37862,5784,7294
1035634,일반국도,송파대로,서울특별시,송파구,0.411,5,36831,5733,7020
1035635,일반국도,송파대로,서울특별시,송파구,0.477,5,39689,6183,7340
1035676,일반국도,송파대로,서울특별시,송파구,0.421,5,37820,6130,6965
1035769,일반국도,양재대로,서울특별시,서초구,0.079,2,13206,2399,2361
1035807,일반국도,중앙로,서울특별시,서초구,0.126,2,15197,2928,3770
1035830,일반국도,태봉로,서울특별시,서초구,0.072,3,21577,4681,4255
1035831,일반국도,중앙로,서울특별시,서초구,0.182,2,15587,2829,2857
1035863,일반국도,중앙로,서울특별시,서초구,0.362,9,35871,5686,7661
1035906,일반국도,영동대로,서울특별시,강남구,0.254,2,22764,4060,4277
1035918,일반국도,중앙로,서울특별시,서초구,0.014,4,24709,4879,4865
1035919,일반국도,중앙로,서울특별시,서초구,0.014,4,40462,5396,5087
1035964,일반국도,천호대로,서울특별시,광진구,0.028,10,40999,7365,6133
1035965,일반국도,천호대로,서울특별시,광진구,0.028,10,45334,7023,8148
1035966,일반국도,동일로,서울특별시,광진구,0.033,2,19519,3891,3027
1035971,일반국도,천호대로,서울특별시,강동구,0.362,6,25609,4143,5046
1035972,일반국도,천호대로,서울특별시,강동구,0.362,6,27951,4556,5270
1036001,일반국도,왕산로,서울특별시,동대문구,0.68,6,25626,4520,4659
1036002,일반국도,왕산로,서울특별시,동대문구,0.68,6,25594,3922,4689
1036033,일반국도,종로,서울특별시,동대문구,0.733,6,26653,4830,4656
1036034,일반국도,종로,서울특별시,종로구,0.733,6,30421,4402,5533
1036050,일반국도,왕산로,서울특별시,동대문구,0.386,6,24809,4510,4312
1036051,일반국도,왕산로,서울특별시,동대문구,0.386,6,25824,4243,4516
1036075,일반국도,동일로,서울특별시,중랑구,0.895,6,29803,6638,4569
1036076,일반국도,동일로,서울특별시,광진구,0.436,6,26559,3692,5857
1036079,일반국도,천호대로,서울특별시,광진구,0.665,6,39693,6861,6294
1036080,일반국도,천호대로,서울특별시,광진구,0.665,6,31810,5486,5823
1036081,일반국도,천호대로,서울특별시,광진구,0.181,6,30021,5291,5586
1036082,일반국도,천호대로,서울특별시,광진구,0.181,6,27919,5288,4905
1036084,일반국도,천호대로,서울특별시,광진구,0.075,7,27579,4529,4900
1036085,일반국도,천호대로,서울특별시,광진구,0.075,7,36684,5721,6290
1036086,일반국도,자양로,서울특별시,광진구,0.739,4,21965,4147,3224
1036087,일반국도,자양로,서울특별시,광진구,0.739,4,27132,3601,5396
1036088,일반국도,천호대로,서울특별시,광진구,0.415,10,41248,6493,7995
1036089,일반국도,천호대로,서울특별시,광진구,0.415,10,41299,6857,8208
1036094,일반국도,천호대로,서울특별시,광진구,0.244,9,39514,5892,6932
1036095,일반국도,천호대로,서울특별시,광진구,0.307,9,40803,7775,5946
1036097,일반국도,천호대로,서울특별시,광진구,0.916,10,38668,6163,6869
1036098,일반국도,천호대로,서울특별시,광진구,0.916,10,40580,6981,7879
1036108,일반국도,동일로,서울특별시,광진구,0.032,2,12949,1763,2833
1036109,일반국도,동일로,서울특별시,광진구,0.121,2,13588,1958,2630
1036116,일반국도,동일로,서울특별시,광진구,0.136,2,22085,3353,4118
1036117,일반국도,동일로,서울특별시,광진구,1.184,6,30206,5366,4758
1036118,일반국도,동일로,서울특별시,광진구,1.184,6,33345,4444,6820
1036119,일반국도,동일로,서울특별시,광진구,0.315,4,19457,2536,4698
1036120,일반국도,동일로,서울특별시,광진구,0.315,4,22898,4637,3542
1036121,일반국도,동일로,서울특별시,광진구,0.121,2,15666,3822,2565
1036254,일반국도,동일로,서울특별시,성동구,0.215,1,16193,3141,1967
1036255,일반국도,동일로,서울특별시,성동구,0.537,4,35258,4930,6392
1036256,일반국도,동일로,서울특별시,성동구,0.537,4,35897,6821,5782
1036257,일반국도,동일로,서울특별시,성동구,0.085,6,33286,5460,6097
1036258,일반국도,동일로,서울특별시,성동구,0.085,6,32796,5013,5819
1036259,일반국도,동일로,서울특별시,성동구,0.217,2,17217,2288,3837
1036260,일반국도,동일로,서울특별시,광진구,0.083,5,31991,5637,5694
1036279,일반국도,동일로,서울특별시,성동구,0.363,6,29960,4609,5142
1036280,일반국도,동일로,서울특별시,광진구,0.363,6,33596,5781,5229
1036281,일반국도,동일로,서울특별시,광진구,0.747,6,29625,4239,4840
1036282,일반국도,동일로,서울특별시,광진구,0.747,6,27955,4850,4424
1036289,일반국도,자양로,서울특별시,광진구,0.484,6,25212,4220,4690
1036290,일반국도,자양로,서울특별시,광진구,0.484,6,25647,4072,4603
1036504,일반국도,영동대로,서울특별시,강남구,0.318,6,34293,4110,7047
1036505,일반국도,영동대로,서울특별시,강남구,0.318,6,43301,8509,6525
1036524,일반국도,자양로,서울특별시,광진구,0.274,6,26779,4568,5163
1036526,일반국도,자양로,서울특별시,광진구,0.201,6,21568,4144,4044
1036527,일반국도,자양로,서울특별시,광진구,0.201,6,25334,3963,4964
1036608,일반국도,영동대로,서울특별시,강남구,0.551,6,56953,6352,11058
1036609,일반국도,영동대로,서울특별시,광진구,0.551,6,64926,11665,9464
1036613,일반국도,동일로,서울특별시,성동구,0.135,2,16784,3290,2147
1036614,일반국도,동일로,서울특별시,광진구,0.03,1,2246,323,414
1036615,일반국도,동일로,서울특별시,광진구,0.032,2,21831,3153,3843
1036616,일반국도,동일로,서울특별시,광진구,0.031,1,1845,270,300
1036617,일반국도,동일로,서울특별시,광진구,0.031,2,16433,4021,2091
1036674,일반국도,자양로,서울특별시,광진구,0.026,7,24229,5382,4090
1036675,일반국도,자양로,서울특별시,광진구,0.026,7,34240,5842,5663
1036707,일반국도,자양로,서울특별시,광진구,0.056,8,35472,6749,5868
1036708,일반국도,자양로,서울특별시,광진구,0.056,8,32729,5276,6535
1036710,일반국도,동일로,서울특별시,성동구,0.242,2,19908,3737,2934
1036723,일반국도,송파대로,서울특별시,송파구,0.901,4,43205,6721,7812
1036725,일반국도,자양로,서울특별시,광진구,0.055,4,32094,4722,6482
1036801,일반국도,동일로,서울특별시,광진구,0.228,6,38452,5606,6779
1036802,일반국도,동일로,서울특별시,광진구,0.228,6,48343,9680,7019
1036856,일반국도,송파대로,서울특별시,광진구,0.047,4,43785,7649,7022
1036857,일반국도,송파대로,서울특별시,광진구,0.905,4,52231,9271,8890
1036920,일반국도,망우로,서울특별시,중랑구,0.027,6,33035,5283,6966
1036921,일반국도,망우로,서울특별시,중랑구,0.027,6,27786,5414,5306
1036922,일반국도,동일로,서울특별시,중랑구,0.171,2,14258,2591,2359
1036946,일반국도,동일로,서울특별시,노원구,0.158,6,23768,4465,4670
1036947,일반국도,동일로,서울특별시,노원구,0.158,6,25536,4508,4683
1036948,일반국도,동일로,서울특별시,노원구,0.632,6,25884,4735,4948
1036949,일반국도,동일로,서울특별시,노원구,0.632,6,20560,3743,4066
1036952,일반국도,동일로,서울특별시,노원구,0.377,6,19785,3232,3962
1036953,일반국도,동일로,서울특별시,노원구,0.377,6,21280,3766,4108
1036955,일반국도,동일로,서울특별시,노원구,0.52,6,23716,4142,4212
1036956,일반국도,동일로,서울특별시,노원구,0.611,6,25486,4359,4825
1036957,일반국도,동일로,서울특별시,노원구,1.014,6,20476,3786,4107
1036958,일반국도,동일로,서울특별시,노원구,1.014,6,22178,3992,4191
1036986,일반국도,동일로,서울특별시,노원구,1.222,6,22948,4349,3946
1036987,일반국도,동일로,서울특별시,노원구,0.909,6,21751,3995,4374
1037060,일반국도,동일로,서울특별시,노원구,0.041,6,24286,4751,4671
1037061,일반국도,용마산로,서울특별시,중랑구,0.952,6,24795,4619,4531
1037062,일반국도,경춘북로,서울특별시,중랑구,0.139,4,16027,2663,2298
1037063,일반국도,경춘북로,서울특별시,중랑구,0.139,4,15106,3273,3130
1037065,일반국도,망우로,서울특별시,중랑구,0.286,6,24785,4405,4335
1037066,일반국도,망우로,서울특별시,중랑구,0.286,6,24939,4479,4493
1037069,일반국도,망우로,서울특별시,중랑구,0.413,6,25107,4235,4418
1037070,일반국도,망우로,서울특별시,중랑구,0.479,6,25783,4389,5006
1037105,일반국도,동일로,서울특별시,중랑구,0.408,4,17449,2106,3997
1037106,일반국도,동일로,서울특별시,중랑구,0.408,4,20238,4432,3422
1037111,일반국도,망우로,서울특별시,동대문구,0.125,6,30259,5662,5651
1037112,일반국도,망우로,서울특별시,동대문구,0.125,6,28976,4821,5423
1037113,일반국도,망우로,서울특별시,중랑구,0.284,6,24142,4372,4151
1037114,일반국도,망우로,서울특별시,동대문구,0.284,6,25192,4195,4801
1037116,일반국도,망우로,서울특별시,중랑구,0.104,6,29148,4653,4949
1037117,일반국도,망우로,서울특별시,중랑구,0.104,6,28392,4969,5033
1037124,일반국도,왕산로,서울특별시,동대문구,0.344,6,25938,4265,4878
1037125,일반국도,망우로,서울특별시,동대문구,1.289,6,28153,5077,5086
1037164,일반국도,망우로,서울특별시,중랑구,0.239,2,11572,2426,1855
1037183,일반국도,동일로,서울특별시,중랑구,0.236,1,11819,1783,2184
1037231,일반국도,동일로,서울특별시,노원구,0.867,6,24250,4300,4810
1037298,일반국도,경춘북로,서울특별시,중랑구,0.046,5,27475,4683,5350
1037299,일반국도,경춘북로,서울특별시,중랑구,0.046,5,17694,3243,3124
1037317,일반국도,망우로,서울특별시,중랑구,0.181,2,15260,2579,2815
1038301,일반국도,천호대로,서울특별시,강동구,0.713,5,30827,5679,5710
1038308,일반국도,천호대로,서울특별시,강동구,0.397,4,32100,5924,5706
1041389,일반국도,동일로,서울특별시,노원구,0.236,3,43717,7003,9394
1041396,일반국도,동일로,서울특별시,노원구,0.714,6,27943,5352,4714
1041397,일반국도,동일로,서울특별시,노원구,0.06,6,27979,4856,5995
1041401,일반국도,동일로,서울특별시,노원구,0.115,4,22025,5383,3400
1041402,일반국도,동일로,서울특별시,노원구,0.115,4,23013,4114,4393
1041457,일반국도,동일로,서울특별시,노원구,0.074,2,22323,3996,4559
1062576,일반국도,개화동로,서울특별시,강서구,1.488,3,50810,8568,10808
1063421,일반국도,중앙로,서울특별시,서초구,0.021,2,20997,4829,4109
1063422,일반국도,양재대로,서울특별시,서초구,0.219,2,23756,4143,4700
1063423,일반국도,양재대로,서울특별시,서초구,0.307,2,39600,6075,5682
1064477,일반국도,동일로,서울특별시,노원구,0.676,6,22490,4051,4377
1064478,일반국도,동일로,서울특별시,노원구,0.867,6,23787,4827,4021
1064499,일반국도,동일로,서울특별시,노원구,0.676,6,19645,3583,3771
1064540,일반국도,동일로,서울특별시,노원구,0.909,6,24968,5104,4179
1064541,일반국도,동일로,서울특별시,노원구,1.222,6,18764,3263,3831
1064558,일반국도,망우로,서울특별시,동대문구,1.289,6,28046,4720,5046
1064559,일반국도,왕산로,서울특별시,동대문구,0.344,6,26237,4673,4872
1064567,일반국도,통일로,서울특별시,은평구,0.496,6,27694,4913,4882
1064568,일반국도,통일로,서울특별시,은평구,0.501,6,23916,4243,4344
1064575,일반국도,통일로,서울특별시,은평구,0.501,6,24947,4500,4500
1064576,일반국도,통일로,서울특별시,은평구,0.513,6,27911,4321,4897
1064587,일반국도,통일로,서울특별시,은평구,0.513,6,27626,4783,5001
1064588,일반국도,통일로,서울특별시,은평구,0.394,6,25980,4532,4554
1064602,일반국도,증산로,서울특별시,은평구,0.601,6,31661,4453,5421
1064603,일반국도,증산로,서울특별시,은평구,0.218,6,32572,5537,4703
1064620,일반국도,증산로,서울특별시,은평구,0.601,6,30699,5248,4882
1064621,일반국도,증산로,서울특별시,은평구,0.976,6,28784,4575,4800
1064678,일반국도,사직로,서울특별시,종로구,0.146,7,39608,6125,7690
1064686,일반국도,사직로,서울특별시,종로구,0.17,6,33527,5062,6156
1064708,일반국도,종로,서울특별시,종로구,0.496,6,25729,4940,4727
1064717,일반국도,종로,서울특별시,종로구,0.496,6,26132,4744,4854
1064718,일반국도,종로,서울특별시,종로구,0.395,6,24875,4411,4203
1064745,일반국도,동일로,서울특별시,중랑구,0.091,6,25605,5761,3880
1064746,일반국도,동일로,서울특별시,중랑구,0.453,6,22268,4014,4025
1064747,일반국도,동일로,서울특별시,중랑구,0.091,6,20455,3975,3496
1064749,일반국도,동일로,서울특별시,중랑구,0.05,6,24850,5076,4761
1064750,일반국도,동일로,서울특별시,노원구,0.041,6,23355,3809,4514
1064751,일반국도,동일로,서울특별시,중랑구,0.05,6,22128,3951,4098
1064752,일반국도,동일로,서울특별시,중랑구,0.154,6,28493,5580,5275
1064754,일반국도,동일로,서울특별시,중랑구,0.154,6,26848,4623,5130
1064755,일반국도,동일로,서울특별시,중랑구,0.453,6,23312,4818,3817
1064768,일반국도,용마산로,서울특별시,중랑구,0.952,6,24873,4748,4172
1064780,일반국도,망우로,서울특별시,중랑구,0.24,6,23367,4315,4158
1064781,일반국도,망우로,서울특별시,중랑구,0.429,7,29001,5030,5217
1064784,일반국도,동일로,서울특별시,중랑구,0.519,6,28220,6151,4808
1064792,일반국도,동일로,서울특별시,중랑구,0.519,6,21084,3464,4744
1064801,일반국도,망우로,서울특별시,중랑구,0.429,7,24282,4249,4226
1064802,일반국도,망우로,서울특별시,중랑구,0.413,6,26320,4545,4455
1064806,일반국도,천호대로,서울특별시,광진구,0.244,9,36318,6133,5857
1064819,일반국도,망우로,서울특별시,중랑구,0.24,6,22489,3958,3753
1064820,일반국도,망우로,서울특별시,중랑구,0.479,6,25443,4589,5037
1064935,일반국도,동일로,서울특별시,광진구,0.436,6,30431,5941,4932
1064936,일반국도,동일로,서울특별시,광진구,0.895,6,26247,4077,6099
1064949,일반국도,자양로,서울특별시,광진구,0.274,6,25927,4765,4601
1064960,일반국도,동일로,서울특별시,광진구,0.241,2,16294,2787,2794
1064962,일반국도,동일로,서울특별시,성동구,0.083,3,28885,4915,5355
1065022,일반국도,마포대로,서울특별시,마포구,0.305,5,55196,10264,9166
1065045,일반국도,공항대로,서울특별시,양천구,0.511,4,46087,9827,6222
1065115,일반국도,경인로,서울특별시,구로구,0.634,6,29610,5621,4695
1065116,일반국도,경인로,서울특별시,구로구,0.106,6,27545,4430,4767
1065123,일반국도,경인로,서울특별시,구로구,0.106,6,27629,5347,4546
1065185,일반국도,연서로,서울특별시,은평구,0.589,6,25512,4851,4267
1065411,일반국도,송파대로,서울특별시,송파구,0.376,5,38963,5930,8040
1065423,일반국도,영동대로,서울특별시,강남구,0.613,4,31442,4719,5237
1065432,일반국도,영동대로,서울특별시,강남구,0.546,4,33955,5292,6010
1065969,일반국도,동일로,서울특별시,노원구,0.611,6,22939,4438,4152
1065970,일반국도,동일로,서울특별시,노원구,0.52,6,24668,4315,4537
1082389,일반국도,중앙로,서울특별시,서초구,0.362,9,36549,8641,5803
1083891,일반국도,동일로,서울특별시,노원구,0.06,6,27230,5573,4872
1083892,일반국도,동일로,서울특별시,노원구,0.714,6,27927,4940,5649
1085210,일반국도,사직로,서울특별시,종로구,0.157,6,33121,4835,6365
1085396,일반국도,천호대로,서울특별시,강동구,0.743,5,35551,6131,6226
1085539,일반국도,종로,서울특별시,종로구,0.371,6,28738,4381,5621
1085540,일반국도,종로,서울특별시,종로구,0.371,6,23593,4421,4130
1088448,일반국도,천호대로,서울특별시,강동구,2.105,5,37994,6839,6798
1088868,일반국도,천호대로,서울특별시,강동구,0.621,5,36862,6362,7431
1088879,일반국도,아차산로,서울특별시,광진구,2.807,4,13533,1943,3310
1088883,일반국도,자양로,서울특별시,광진구,0.976,6,21244,3325,4385
1088884,일반국도,자양로,서울특별시,광진구,0.976,6,21763,4095,3838
1088912,일반국도,왕산로,서울특별시,동대문구,0.703,6,25439,4159,4291
1088915,일반국도,종로,서울특별시,종로구,0.614,6,25241,4463,4849
1088916,일반국도,종로,서울특별시,종로구,0.614,6,30894,4455,5639
1089195,일반국도,벌말로,서울특별시,강서구,1.928,4,24404,4365,4816
1089212,일반국도,경인로,서울특별시,구로구,0.385,6,31148,5651,5136
1089213,일반국도,경인로,서울특별시,구로구,0.385,6,33341,5248,6053
1089579,일반국도,망우로,서울특별시,중랑구,2.765,6,22047,4383,4040
1089589,일반국도,동일로,서울특별시,중랑구,0.23,6,22566,3497,4620
1089590,일반국도,동일로,서울특별시,중랑구,0.23,6,25127,4609,4539
1089595,일반국도,동일로,서울특별시,중랑구,0.506,6,24246,4067,4479
1089596,일반국도,동일로,서울특별시,중랑구,0.506,6,24859,5028,4278
1089614,일반국도,월드컵로,서울특별시,마포구,0.508,10,32595,5941,6099
1089615,일반국도,월드컵로,서울특별시,마포구,0.508,10,31471,5160,5625
1089624,일반국도,마포대로,서울특별시,마포구,1.675,4,39468,6933,6506
1090230,일반국도,경인로,서울특별시,구로구,0.247,6,26801,4605,4733
1090637,일반국도,동일로,서울특별시,중랑구,0.477,6,26067,4314,4954
1090638,일반국도,동일로,서울특별시,중랑구,0.477,6,26581,5040,4661
1090639,일반국도,동일로,서울특별시,중랑구,0.051,6,26744,3977,5439
1090640,일반국도,동일로,서울특별시,중랑구,0.051,6,23608,4845,3581
1090641,일반국도,동일로,서울특별시,중랑구,0.551,6,21118,3324,4709
1090642,일반국도,동일로,서울특별시,중랑구,0.551,6,24979,5026,4549
1090723,일반국도,경인로,서울특별시,구로구,0.247,6,27534,5325,4501
1090736,일반국도,경인로,서울특별시,구로구,0.574,4,34024,6682,5710
1091413,일반국도,서부간선도로,서울특별시,구로구,0.195,2,47806,6914,6548
1091444,일반국도,방화대로,서울특별시,강서구,0.279,6,23442,4531,4345
1091445,일반국도,방화대로,서울특별시,강서구,0.279,6,25405,4384,5765
1091558,일반국도,사직로,서울특별시,종로구,0.263,7,33385,5461,6210
1091629,일반국도,여의대로,서울특별시,영등포구,1.322,5,61273,11002,10699
1091630,일반국도,여의대로,서울특별시,마포구,1.334,5,52397,8796,9779
1091641,일반국도,연서로,서울특별시,은평구,0.634,6,24536,4287,4310
1092208,일반국도,양재대로,서울특별시,강남구,0.329,5,66022,11164,8876
1092219,일반국도,중앙로,서울특별시,서초구,0.157,3,22087,4241,4235
1092316,일반국도,경춘북로,서울특별시,중랑구,0.137,4,17922,3505,2503
1092317,일반국도,경춘북로,서울특별시,중랑구,0.137,4,22721,4173,4274
1092319,일반국도,용마산로,서울특별시,중랑구,0.764,7,28920,5224,4993
1093357,일반국도,용마산로,서울특별시,중랑구,0.764,7,30244,5503,5115
1093367,일반국도,연서로,서울특별시,은평구,0.634,6,25329,4212,4674
1093950,일반국도,사직로,서울특별시,종로구,0.064,6,30371,4946,5655
1093951,일반국도,사직로,서울특별시,종로구,0.263,7,30943,5225,5603
1093952,일반국도,사직로,서울특별시,종로구,0.064,6,30421,5159,5382
1094295,일반국도,오정로,서울특별시,강서구,0.999,4,15204,3004,3341
1094468,일반국도,종로,서울특별시,종로구,0.629,6,25960,3912,5082
1094469,일반국도,종로,서울특별시,종로구,0.629,6,24920,4590,4576
1094922,일반국도,성산로,서울특별시,마포구,0.749,6,35078,5518,6029
1094923,일반국도,성산로,서울특별시,마포구,0.749,6,33570,5233,5967
1095254,일반국도,천호대로,서울특별시,광진구,0.155,8,37105,6313,6658
1095255,일반국도,천호대로,서울특별시,광진구,0.155,8,43526,8196,7473
1095743,일반국도,천호대로,서울특별시,광진구,0.307,9,42835,6771,7983
1096651,일반국도,왕산로,서울특별시,동대문구,0.703,6,26157,4628,4605
1096891,일반국도,방화대로,서울특별시,강서구,0.015,8,20407,4635,3004
1096892,일반국도,방화대로,서울특별시,강서구,0.015,8,16138,2671,3985
1096895,일반국도,발산로,서울특별시,강서구,0.15,2,15798,3545,2700
4100884,일반국도,망우로,서울특별시,중랑구,0.268,7,27774,4761,4901
4100885,일반국도,망우로,서울특별시,중랑구,0.418,7,28152,4744,4911
4101444,일반국도,망우로,서울특별시,중랑구,0.418,7,30237,6014,5074
4101445,일반국도,망우로,서울특별시,중랑구,0.268,7,25573,4477,4391
5102064,일반국도,아차산로,서울특별시,광진구,0.126,6,28282,5784,4737
5102065,일반국도,아차산로,서울특별시,광진구,0.126,6,20997,3167,4628
5103181,일반국도,아차산로,서울특별시,광진구,0.181,8,24257,3385,5190
5103182,일반국도,아차산로,서울특별시,광진구,0.181,8,30513,5367,5524
5103439,일반국도,새문안로,서울특별시,중구,0.339,4,30016,5805,5168
7104882,일반국도,송파대로,서울특별시,송파구,0.04,5,48151,8628,7903
7106796,일반국도,양재대로,서울특별시,서초구,0.55,2,22462,5221,4062
7106954,일반국도,경수대로,서울특별시,금천구,1.053,5,41224,6773,7941
7106966,일반국도,-,서울특별시,금천구,0.451,4,28430,4917,4412
7106967,일반국도,-,서울특별시,금천구,0.451,4,34975,5743,5209
7107166,일반국도,경인로,서울특별시,구로구,0.616,8,35584,6386,5479
7107167,일반국도,경인로,서울특별시,구로구,0.616,8,31384,5044,5695
7107169,일반국도,경인로,서울특별시,구로구,0.016,4,24337,3976,3926
7107170,일반국도,경인로,서울특별시,구로구,0.016,4,31366,5764,5368
7107280,일반국도,송파대로,서울특별시,송파구,0.022,5,35953,6857,5475
7108077,일반국도,사직로,서울특별시,종로구,0.046,2,20804,4000,2997
7108078,일반국도,사직로,서울특별시,종로구,0.321,2,17258,3021,2875
8101623,일반국도,동일로,서울특별시,노원구,0.068,6,31078,6680,5612
8102530,일반국도,서부간선도로,서울특별시,구로구,0.412,2,50582,6787,6602
8102532,일반국도,서부간선도로,서울특별시,양천구,0.426,2,54575,7679,6865
8102683,일반국도,성산로,서울특별시,마포구,0.084,2,23500,3928,3701
8102684,일반국도,성산로,서울특별시,마포구,0.447,1,11668,1763,1672
8102685,일반국도,성산로,서울특별시,마포구,0.493,3,62338,10075,9757
8102686,일반국도,농수산시장로,서울특별시,마포구,0.222,1,5745,549,1195
8102687,일반국도,성산로,서울특별시,마포구,0.321,3,36695,6114,6227
8102688,일반국도,성산로,서울특별시,마포구,0.084,3,58326,9873,8803
8102689,일반국도,성산로,서울특별시,마포구,0.163,6,35687,5236,6164
8102690,일반국도,성산로,서울특별시,마포구,0.163,6,57513,9679,8601
8102693,일반국도,마포대로,서울특별시,마포구,0.113,5,41448,8154,7472
8102824,일반국도,왕산로,서울특별시,동대문구,0.616,6,29967,4770,5593
8102825,일반국도,왕산로,서울특별시,동대문구,0.616,6,25027,4678,4630
8102828,일반국도,왕산로,서울특별시,동대문구,0.47,6,25055,4166,5364
8102829,일반국도,왕산로,서울특별시,동대문구,0.47,6,25230,4719,5067
8102847,일반국도,양재대로,서울특별시,강남구,0.298,1,18215,3235,2663
8102853,일반국도,양재대로,서울특별시,강남구,0.905,2,44563,7005,6597
8104174,일반국도,동일로,서울특별시,노원구,0.378,2,26555,5350,4861
8104175,일반국도,동일로,서울특별시,노원구,0.068,6,44683,7315,9947
8119510,일반국도,영동대로,서울특별시,강남구,0.282,4,36171,5849,6570
8189700,일반국도,양재대로,서울특별시,서초구,0.157,5,64614,9632,11424
8190000,일반국도,양재대로,서울특별시,서초구,0.106,5,42791,7405,7574
8190300,일반국도,양재대로,서울특별시,서초구,0.18,3,25294,4238,4475
8192500,일반국도,양재대로,서울특별시,서초구,0.199,4,45301,9632,7385
8192600,일반국도,양재대로,서울특별시,서초구,0.264,4,42532,6350,7023
8231410,일반국도,영동대로,서울특별시,강남구,0.51,4,37056,5862,7094
8271600,일반국도,사직로,서울특별시,종로구,0.251,2,18426,3449,2921
8570445,일반국도,양재대로,서울특별시,서초구,0.027,4,27179,5205,4880
8570452,일반국도,양재대로,서울특별시,서초구,0.159,3,26537,4305,4710
8570453,일반국도,양재대로,서울특별시,서초구,0.113,6,34693,5444,7132
8570454,일반국도,양재대로,서울특별시,서초구,0.123,5,40379,6869,6797
8570455,일반국도,양재대로,서울특별시,서초구,0.025,4,21707,4312,3035
8571941,일반국도,천호대로,서울특별시,광진구,1.32,10,38708,6901,6910
8571942,일반국도,천호대로,서울특별시,광진구,1.32,10,35925,6891,5869
8583500,일반국도,조정대로,서울특별시,강동구,0.193,4,35634,6769,5650
8599900,일반국도,-,서울특별시,금천구,0.225,1,18040,3980,3156
8624600,일반국도,서부간선도로,서울특별시,영등포구,0.09,2,52542,8103,5815
8624900,일반국도,서부간선도로,서울특별시,영등포구,0.434,2,44219,6498,5999
8891158,일반국도,노들로,서울특별시,영등포구,0.228,2,21745,3983,3592
8891162,일반국도,경인로,서울특별시,구로구,0.681,4,33184,5805,5624
8893002,일반국도,동일로,서울특별시,중랑구,1.029,6,24835,4711,4254
8893004,일반국도,동일로,서울특별시,중랑구,1.029,6,23744,4172,4346
8893148,일반국도,벌말로,서울특별시,강서구,3.472,4,23010,4465,4025
8893436,일반국도,중앙로,서울특별시,서초구,1.341,8,26309,3965,6002
8893973,일반국도,경인로,서울특별시,구로구,0.473,6,28789,5323,5324
8893998,일반국도,경인로,서울특별시,구로구,0.473,6,28970,5292,5022
8894070,일반국도,연서로,서울특별시,은평구,0.966,6,25060,4631,4400
8894071,일반국도,연서로,서울특별시,은평구,0.966,6,24864,4545,4119
8895870,일반국도,안양천로,서울특별시,금천구,0.143,1,8278,1215,1468
8895948,일반국도,서부간선도로,서울특별시,금천구,0.572,2,51548,6290,6279
8895951,일반국도,양재대로,서울특별시,서초구,0.171,4,30853,5544,5639
8895952,일반국도,양재대로,서울특별시,서초구,0.158,4,32489,5364,5960
8897037,일반국도,공항대로,서울특별시,강서구,1.008,4,36817,6493,6555
8897122,일반국도,성산로,서울특별시,마포구,0.941,4,29580,5090,5440
8897123,일반국도,성산로,서울특별시,서대문구,0.941,4,30009,4668,5430
8897125,일반국도,노들로,서울특별시,영등포구,0.151,4,48408,10604,7300
8897134,일반국도,노들로,서울특별시,영등포구,0.025,3,42806,9911,5784
8897135,일반국도,노들로,서울특별시,영등포구,0.149,4,51939,11067,7527
8897139,일반국도,노들로,서울특별시,영등포구,0.099,1,9401,1796,1782
8898320,일반국도,금하로,서울특별시,금천구,0.685,6,24475,4210,4625
8898321,일반국도,금하로,서울특별시,금천구,0.685,6,24470,4278,4641
8898745,일반국도,성산로,서울특별시,영등포구,0.099,1,15156,2987,2297
8899180,일반국도,안양천로,서울특별시,금천구,0.218,3,33156,6589,5556
8899359,일반국도,양재대로,서울특별시,서초구,0.036,4,59600,9740,8043
8899360,일반국도,양재대로,서울특별시,서초구,0.051,4,67483,12128,9768
8899364,일반국도,성산로,서울특별시,마포구,0.062,6,64519,10978,9449
8899365,일반국도,성산로,서울특별시,마포구,0.062,6,64648,11575,9845
8899366,일반국도,성산로,서울특별시,마포구,0.117,6,55648,9231,7557
8899367,일반국도,성산로,서울특별시,마포구,0.117,6,57404,10225,9095
8899389,일반국도,양재대로,서울특별시,서초구,0.463,4,63109,9134,12336
8899390,일반국도,양재대로,서울특별시,서초구,0.394,3,27374,4872,4741
8899402,일반국도,성산로,서울특별시,영등포구,0.258,1,22885,3800,3834
8899410,일반국도,성산로,서울특별시,영등포구,0.024,5,62723,11060,7345
8899411,일반국도,성산로,서울특별시,영등포구,0.024,5,64232,12045,8704
8899412,일반국도,성산로,서울특별시,마포구,1.072,6,75827,12324,10919
8899413,일반국도,성산로,서울특별시,마포구,1.072,6,76322,12898,12100
8899760,일반국도,양재대로,서울특별시,서초구,0.129,4,45147,7646,7079
8900895,일반국도,성산로,서울특별시,영등포구,0.237,1,26902,5544,3707
8901129,일반국도,서부간선도로,서울특별시,영등포구,0.139,4,102190,18945,15652
8901805,일반국도,영동대로,서울특별시,강남구,0.016,4,27793,5025,5066
8901807,일반국도,영동대로,서울특별시,강남구,0.017,5,31307,5253,6367
8901927,일반국도,영동대로,서울특별시,강남구,0.019,5,31170,5781,5738
8901945,일반국도,영동대로,서울특별시,강남구,0.588,7,42703,7578,7168
8901946,일반국도,영동대로,서울특별시,강남구,0.705,7,36513,5928,6806
8901948,일반국도,영동대로,서울특별시,강남구,0.214,6,37162,5251,6828
8901952,일반국도,영동대로,서울특별시,강남구,0.643,5,38199,6186,7006
8901959,일반국도,영동대로,서울특별시,강남구,0.536,5,47357,7070,9492
8901967,일반국도,영동대로,서울특별시,강남구,0.148,4,37809,6784,6876
8901968,일반국도,영동대로,서울특별시,강남구,0.943,5,38339,6301,6495
8902018,일반국도,영동대로,서울특별시,강남구,0.609,4,33827,5762,6492
8902025,일반국도,양재대로,서울특별시,서초구,0.159,5,63246,11670,9560
8902026,일반국도,양재대로,서울특별시,서초구,0.904,2,40513,6979,6149
8902030,일반국도,양재대로,서울특별시,강남구,0.329,4,67021,10589,11712
8902032,일반국도,양재대로,서울특별시,강남구,0.023,4,44255,8922,7685
8902033,일반국도,양재대로,서울특별시,강남구,0.02,2,15368,3046,2664
8902034,일반국도,양재대로,서울특별시,강남구,0.023,4,55997,9205,8126
8902035,일반국도,양재대로,서울특별시,강남구,0.627,4,64543,10673,10830
8902036,일반국도,양재대로,서울특별시,강남구,1.583,4,62763,10193,10989
8902037,일반국도,양재대로,서울특별시,강남구,0.319,4,60055,9369,8491
8902038,일반국도,양재대로,서울특별시,강남구,0.611,4,64852,10528,10547
8902039,일반국도,영동대로,서울특별시,강남구,0.61,4,34032,5645,6421
8902074,일반국도,양재대로,서울특별시,서초구,0.395,3,23392,4579,4089
8902075,일반국도,양재대로,서울특별시,서초구,2.149,2,45032,8472,6839
8902076,일반국도,양재대로,서울특별시,서초구,2.099,2,37702,5555,6864
8902077,일반국도,양재대로,서울특별시,서초구,0.034,4,43494,8225,7641
8902247,일반국도,송파대로,서울특별시,송파구,0.64,4,39809,7100,6934
8902248,일반국도,송파대로,서울특별시,송파구,0.587,5,37169,6306,6974
8902249,일반국도,송파대로,서울특별시,송파구,0.051,5,47091,7756,8255
8902250,일반국도,송파대로,서울특별시,송파구,0.342,5,57752,8006,9951
8902251,일반국도,송파대로,서울특별시,송파구,0.34,5,47215,6991,7616
8902252,일반국도,송파대로,서울특별시,송파구,0.018,6,33602,6399,6061
8902254,일반국도,송파대로,서울특별시,송파구,0.019,5,32440,5548,5859
8902349,일반국도,천호대로,서울특별시,강동구,0.197,6,25820,4121,4736
8902350,일반국도,천호대로,서울특별시,강동구,0.197,6,31886,5111,5067
8902353,일반국도,천호대로,서울특별시,강동구,0.203,8,37251,6258,6305
8902354,일반국도,천호대로,서울특별시,강동구,0.203,8,36213,6270,6216
8902355,일반국도,천호대로,서울특별시,강동구,0.078,9,35788,6295,6362
8902356,일반국도,천호대로,서울특별시,강동구,0.078,9,33752,6353,5839
8902357,일반국도,천호대로,서울특별시,강동구,0.214,4,36047,6044,5936
8902358,일반국도,천호대로,서울특별시,강동구,0.958,5,34425,5804,6048
8902370,일반국도,천호대로,서울특별시,강동구,0.394,5,34060,6401,5867
8902372,일반국도,천호대로,서울특별시,강동구,0.017,5,31212,5816,5786
8902374,일반국도,천호대로,서울특별시,강동구,0.016,5,30145,5788,5651
8902379,일반국도,천호대로,서울특별시,강동구,0.623,5,30981,6147,5872
8902382,일반국도,천호대로,서울특별시,강동구,0.714,5,34389,5751,6639
8902394,일반국도,천호대로,서울특별시,강동구,2.101,5,38662,6812,7338
8902406,일반국도,조정대로,서울특별시,강동구,0.049,3,30172,5488,5914
8902407,일반국도,조정대로,서울특별시,강동구,0.188,3,19908,3047,3907
8902412,일반국도,천호대로,서울특별시,강동구,0.367,3,34168,4793,6952
8902413,일반국도,천호대로,서울특별시,강동구,0.634,7,41257,7561,7941
8902416,일반국도,조정대로,서울특별시,강동구,0.03,3,20358,4315,4321
8902532,일반국도,송파대로,서울특별시,송파구,0.014,5,32324,5297,6017
8902534,일반국도,송파대로,서울특별시,송파구,0.018,5,34576,5901,6106
8902538,일반국도,송파대로,서울특별시,송파구,0.411,5,41146,6372,7280
8902546,일반국도,송파대로,서울특별시,송파구,0.31,5,38925,6367,6561
8902547,일반국도,송파대로,서울특별시,송파구,0.317,5,37084,6259,7787
8902550,일반국도,송파대로,서울특별시,송파구,0.484,5,40809,6922,7138
8902553,일반국도,송파대로,서울특별시,송파구,0.411,5,40977,7173,7469
8902560,일반국도,송파대로,서울특별시,송파구,0.55,3,36064,6692,7227
8902561,일반국도,송파대로,서울특별시,송파구,0.549,3,33461,4948,8103
8902566,일반국도,송파대로,서울특별시,송파구,0.317,5,39744,6421,6845
8902567,일반국도,송파대로,서울특별시,송파구,0.324,5,37083,5965,6253
8902574,일반국도,송파대로,서울특별시,송파구,0.444,5,43552,6813,7740
8902575,일반국도,송파대로,서울특별시,송파구,0.449,5,39531,6620,7454
8902578,일반국도,송파대로,서울특별시,송파구,0.479,5,39603,6150,7134
8902579,일반국도,송파대로,서울특별시,송파구,0.482,5,38876,7148,7491
8902590,일반국도,송파대로,서울특별시,송파구,0.013,5,32439,5260,5543
8902593,일반국도,송파대로,서울특별시,송파구,0.014,5,32566,6017,5550
8902595,일반국도,송파대로,서울특별시,송파구,0.329,5,35646,5305,5787
8902596,일반국도,송파대로,서울특별시,송파구,0.323,5,34778,5883,6144
8902601,일반국도,송파대로,서울특별시,송파구,0.26,6,45379,8826,8536
8902602,일반국도,송파대로,서울특별시,송파구,0.262,5,40570,6192,7074
8902660,일반국도,공항대로,서울특별시,강서구,0.276,4,28848,5348,4668
8902661,일반국도,공항대로,서울특별시,강서구,0.92,4,27198,4445,4814
8902662,일반국도,공항대로,서울특별시,강서구,0.65,4,28249,5181,4801
8902667,일반국도,공항대로,서울특별시,강서구,0.014,4,23578,4502,4213
8902668,일반국도,공항대로,서울특별시,강서구,0.725,4,28640,4680,5267
8902669,일반국도,공항대로,서울특별시,강서구,0.023,8,23347,4784,3741
8902670,일반국도,공항대로,서울특별시,강서구,0.733,4,32763,5628,6115
8902687,일반국도,공항대로,서울특별시,강서구,0.128,5,33391,6091,6162
8902696,일반국도,공항대로,서울특별시,강서구,0.076,4,29266,5854,5077
8902697,일반국도,공항대로,서울특별시,강서구,0.043,4,40065,6737,5510
8902698,일반국도,공항대로,서울특별시,강서구,0.058,4,33931,6007,6284
8902699,일반국도,공항대로,서울특별시,강서구,0.063,4,32865,5536,6188
8902706,일반국도,공항대로,서울특별시,강서구,1.177,4,31757,5752,5378
8902712,일반국도,공항대로,서울특별시,강서구,1.035,4,40490,7483,6821
8902715,일반국도,공항대로,서울특별시,강서구,0.87,4,39158,7638,6105
8902716,일반국도,공항대로,서울특별시,강서구,0.128,4,40085,9165,5627
8902718,일반국도,공항대로,서울특별시,강서구,0.119,4,37133,5820,6822
8902719,일반국도,공항대로,서울특별시,강서구,1.387,4,35856,5939,6644
8902726,일반국도,증산로,서울특별시,마포구,0.73,3,33837,5439,5118
8902727,일반국도,증산로,서울특별시,마포구,0.722,3,36782,6551,6108
8902730,일반국도,월드컵로,서울특별시,마포구,0.035,10,31954,5985,5686
8902731,일반국도,월드컵로,서울특별시,마포구,0.035,10,30086,5669,6014
8902748,일반국도,성산로,서울특별시,마포구,0.053,6,69496,11592,9867
8902749,일반국도,성산로,서울특별시,마포구,0.053,6,69078,12165,9560
8902750,일반국도,성산로,서울특별시,마포구,0.124,6,68760,11686,9690
8902751,일반국도,성산로,서울특별시,마포구,0.124,6,60446,10678,9400
8902757,일반국도,선유로,서울특별시,영등포구,0.988,4,63220,10760,10862
8902761,일반국도,양화로,서울특별시,마포구,0.307,3,32400,5734,5993
8902762,일반국도,양화로,서울특별시,마포구,0.257,3,26852,3944,5431
8902763,일반국도,선유로,서울특별시,마포구,0.155,3,45779,6440,7331
8902767,일반국도,선유로,서울특별시,마포구,0.999,3,58959,8986,9913
8902769,일반국도,양화로,서울특별시,마포구,0.181,5,48667,5821,8707
8902776,일반국도,신촌로,서울특별시,서대문구,0.013,4,26366,5723,4176
8902777,일반국도,신촌로,서울특별시,서대문구,0.502,4,33470,4883,6014
8902779,일반국도,신촌로,서울특별시,서대문구,0.478,4,31210,5183,5585
8902782,일반국도,양화로,서울특별시,서대문구,0.623,4,32568,5139,5836
8902787,일반국도,양화로,서울특별시,마포구,0.976,4,36003,5460,6239
8902814,일반국도,신촌로,서울특별시,서대문구,0.326,5,44064,6090,8354
8902816,일반국도,신촌로,서울특별시,마포구,0.02,5,32726,5804,5873
8902817,일반국도,신촌로,서울특별시,마포구,0.026,4,29631,5645,5496
8902818,일반국도,신촌로,서울특별시,마포구,0.018,4,11013,1697,2024
8902819,일반국도,신촌로,서울특별시,마포구,1.196,4,30008,4595,5663
8902823,일반국도,마포대로,서울특별시,마포구,0.313,4,37635,7516,6011
8902824,일반국도,마포대로,서울특별시,마포구,0.255,5,37504,6482,7421
8902829,일반국도,마포대로,서울특별시,마포구,0.244,5,59226,8445,9759
8902835,일반국도,마포대로,서울특별시,마포구,0.283,5,56883,7826,9423
8902838,일반국도,마포대로,서울특별시,마포구,0.066,5,59187,7434,10551
8902840,일반국도,마포대로,서울특별시,마포구,0.178,5,50764,7259,8574
8902847,일반국도,마포대로,서울특별시,마포구,1.657,4,37243,5973,6224
8902936,일반국도,종로,서울특별시,종로구,0.014,4,28057,5465,5109
8902938,일반국도,종로,서울특별시,종로구,0.015,3,25470,4022,4464
8902939,일반국도,종로,서울특별시,종로구,0.094,3,23638,4208,4153
8902940,일반국도,종로,서울특별시,종로구,0.093,3,31861,5365,6247
8902941,일반국도,종로,서울특별시,종로구,0.317,6,25791,4468,4561
8902942,일반국도,종로,서울특별시,종로구,0.317,6,31526,5233,5699
8902947,일반국도,종로,서울특별시,종로구,0.314,4,33462,5911,6455
8902955,일반국도,종로,서울특별시,종로구,0.186,4,33969,6138,6359
8902957,일반국도,새문안로,서울특별시,종로구,0.012,4,29396,4911,6091
8902959,일반국도,새문안로,서울특별시,종로구,0.013,3,25217,4904,4627
8902961,일반국도,충정로,서울특별시,서대문구,0.817,4,29507,5578,5092
8902962,일반국도,충정로,서울특별시,서대문구,0.023,4,24212,4500,4896
8902964,일반국도,충정로,서울특별시,종로구,0.023,4,24175,4112,3675
8902966,일반국도,충정로,서울특별시,서대문구,0.821,4,30006,5100,5237
8902987,일반국도,새문안로,서울특별시,종로구,0.325,4,33606,5806,6181
8902993,일반국도,새문안로,서울특별시,종로구,0.791,4,31879,5189,5853
8902995,일반국도,세종대로,서울특별시,종로구,0.285,4,35746,5984,7890
8902996,일반국도,세종대로,서울특별시,종로구,0.546,3,27053,5205,4915
8902997,일반국도,사직로,서울특별시,종로구,0.26,8,39806,7880,7073
8902998,일반국도,사직로,서울특별시,종로구,0.26,8,39964,6117,7831
8902999,일반국도,사직로,서울특별시,종로구,0.02,8,30797,6059,4793
8903000,일반국도,사직로,서울특별시,종로구,0.02,8,36482,5641,7395
8903016,일반국도,개화동로,서울특별시,강서구,1.087,5,40481,7464,7221
8903018,일반국도,김포대로,서울특별시,강서구,0.027,2,14216,3959,2948
8903120,일반국도,개화동로,서울특별시,강서구,0.18,2,19331,3011,3419
8903121,일반국도,하늘길,서울특별시,강서구,0.17,4,25660,4813,4717
8903125,일반국도,개화동로,서울특별시,강서구,0.28,5,50472,9208,9639
8903130,일반국도,개화동로,서울특별시,강서구,0.499,2,36237,6463,5932
8903131,일반국도,개화동로,서울특별시,강서구,0.136,4,51837,9962,9009
8903132,일반국도,개화동로,서울특별시,강서구,0.292,4,48348,8382,8446
8903133,일반국도,개화동로,서울특별시,강서구,0.156,5,47965,9229,8521
8903136,일반국도,인천국제공항고속도로,서울특별시,강서구,0.019,5,12505,2500,2370
8903137,일반국도,인천국제공항고속도로,서울특별시,강서구,0.019,5,15444,3634,2879
8903138,일반국도,개화동로,서울특별시,강서구,0.494,5,46482,9037,8346
8903139,일반국도,개화동로,서울특별시,강서구,1.062,5,54736,8928,10032
8903140,일반국도,개화동로,서울특별시,강서구,0.543,5,63563,11909,10804
8903141,일반국도,경인로,서울특별시,구로구,0.293,6,29640,5155,5593
8903142,일반국도,경인로,서울특별시,구로구,0.293,6,30046,5504,5146
8903143,일반국도,경인로,서울특별시,구로구,0.136,3,24598,4166,4337
8903144,일반국도,경인로,서울특별시,구로구,0.138,3,26847,4705,4791
8903151,일반국도,경인로,서울특별시,구로구,0.573,4,33657,6320,5417
8903170,일반국도,경인로,서울특별시,영등포구,0.684,4,30848,5399,5300
8903172,일반국도,경인로,서울특별시,영등포구,0.912,3,31518,5323,5667
8903174,일반국도,경인로,서울특별시,영등포구,0.345,4,34707,5898,6447
8903179,일반국도,경인로,서울특별시,영등포구,0.479,2,35573,5796,6557
8903181,일반국도,경인로,서울특별시,영등포구,0.033,6,41078,6065,8094
8903184,일반국도,경인로,서울특별시,영등포구,0.264,5,45773,8974,7244
8903185,일반국도,경인로,서울특별시,영등포구,0.265,6,47484,6623,9057
8903241,일반국도,여의대로,서울특별시,영등포구,0.455,3,29909,5654,5067
8903242,일반국도,여의대로,서울특별시,영등포구,0.454,6,36902,5212,7159
8903246,일반국도,여의대로,서울특별시,영등포구,0.035,5,40262,8568,6457
8903247,일반국도,여의대로,서울특별시,영등포구,0.03,5,45011,6068,9902
8903252,일반국도,여의대로,서울특별시,영등포구,0.385,7,43478,6437,8724
8903255,일반국도,여의대로,서울특별시,영등포구,0.476,7,42580,5955,9450
8903278,일반국도,선유로,서울특별시,영등포구,0.181,1,13574,2079,2342
8903279,일반국도,노들로,서울특별시,영등포구,0.265,2,20875,3843,3940
8903280,일반국도,선유로,서울특별시,영등포구,0.092,1,23417,3857,4409
8903291,일반국도,노들로,서울특별시,영등포구,0.288,4,58355,11889,8434
8903292,일반국도,노들로,서울특별시,영등포구,0.153,4,70886,13541,10735
8903293,일반국도,노들로,서울특별시,영등포구,0.162,4,50354,8458,9792
8903294,일반국도,노들로,서울특별시,영등포구,0.269,3,41186,6647,9526
8903295,일반국도,노들로,서울특별시,영등포구,0.051,4,70313,11769,12024
8903296,일반국도,노들로,서울특별시,영등포구,0.454,3,45269,7140,9149
8903298,일반국도,노들로,서울특별시,영등포구,0.056,3,42115,10458,5408
8903299,일반국도,성산로,서울특별시,영등포구,0.034,7,67761,11562,8899
8903300,일반국도,성산로,서울특별시,영등포구,0.034,7,105949,19419,15793
8903301,일반국도,서부간선도로,서울특별시,영등포구,0.137,4,75174,13296,10249
8903302,일반국도,성산로,서울특별시,영등포구,0.156,5,46081,7499,5867
8903303,일반국도,성산로,서울특별시,영등포구,0.156,5,65314,11357,9656
8903304,일반국도,성산로,서울특별시,영등포구,0.264,6,69347,12232,9458
8903305,일반국도,성산로,서울특별시,영등포구,0.264,6,73527,13330,10124
8903306,일반국도,노들로,서울특별시,영등포구,0.262,1,19339,4122,2625
8903307,일반국도,성산로,서울특별시,영등포구,0.247,1,19818,3770,2951
8903308,일반국도,노들로,서울특별시,영등포구,0.156,1,8742,1264,2027
8903323,일반국도,노들로,서울특별시,영등포구,0.087,4,36226,6022,7554
8903324,일반국도,공항대로,서울특별시,영등포구,0.25,4,42915,7373,8742
8903330,일반국도,노들로,서울특별시,영등포구,0.137,1,12052,2670,1889
8903332,일반국도,노들로,서울특별시,영등포구,0.21,1,21043,4108,3552
8903333,일반국도,성산로,서울특별시,영등포구,0.071,1,14137,1867,2953
8903334,일반국도,성산로,서울특별시,영등포구,0.073,1,11187,1310,2225
8903335,일반국도,성산로,서울특별시,영등포구,0.082,1,10491,1299,1922
8903337,일반국도,노들로,서울특별시,영등포구,0.749,4,52201,11104,7801
8903338,일반국도,노들로,서울특별시,영등포구,0.619,4,56912,8286,11311
8903339,일반국도,노들로,서울특별시,영등포구,0.096,3,50323,10245,7395
8904232,일반국도,송파대로,서울특별시,송파구,0.017,5,32849,6099,5626
8904234,일반국도,송파대로,서울특별시,송파구,0.016,5,30049,5796,6141
8904236,일반국도,성남대로,서울특별시,송파구,0.351,5,33621,5670,5615
8904471,일반국도,금하로,서울특별시,금천구,0.023,6,26122,4849,5101
8904472,일반국도,금하로,서울특별시,금천구,0.023,6,16136,3438,3258
8904483,일반국도,시흥대로,서울특별시,금천구,1.096,5,35692,5896,6829
8904484,일반국도,시흥대로,서울특별시,금천구,1.086,5,34957,6350,6072
8904486,일반국도,시흥대로,서울특별시,금천구,0.731,5,33621,5572,5907
8904653,일반국도,서부간선도로,서울특별시,금천구,0.303,2,48650,6035,6378
8904654,일반국도,서부간선도로,서울특별시,금천구,0.79,2,50853,7294,6509
8904656,일반국도,서부간선도로,서울특별시,금천구,0.351,2,46934,6644,6208
8904658,일반국도,서부간선도로,서울특별시,금천구,0.579,2,51102,6326,6130
8905016,일반국도,시흥대로,서울특별시,금천구,0.017,5,31272,5506,5503
8905018,일반국도,시흥대로,서울특별시,금천구,0.018,5,42778,7170,8053
8905022,일반국도,시흥대로,서울특별시,금천구,0.051,5,48250,7291,9035
8905023,일반국도,시흥대로,서울특별시,금천구,0.048,5,36864,6774,6682
8905550,일반국도,송파대로,서울특별시,송파구,0.022,5,32955,5660,6368
8905553,일반국도,송파대로,서울특별시,송파구,0.543,5,42203,6993,7684
8905554,일반국도,송파대로,서울특별시,송파구,0.226,5,48334,8306,8284
8905555,일반국도,송파대로,서울특별시,송파구,0.281,5,38145,6266,6900
8905557,일반국도,송파대로,서울특별시,송파구,0.391,5,42089,7303,6924
8905559,일반국도,송파대로,서울특별시,송파구,0.377,5,41527,7059,7366
8905581,일반국도,송파대로,서울특별시,송파구,0.007,5,37709,7318,6850
8905582,일반국도,송파대로,서울특별시,송파구,0.395,5,39998,6732,7954
8905767,일반국도,서부간선도로,서울특별시,영등포구,0.774,2,52270,7025,6383
8905768,일반국도,서부간선도로,서울특별시,영등포구,0.238,4,85775,15244,13208
8905769,일반국도,서부간선도로,서울특별시,영등포구,0.012,2,13282,3087,2436
8905771,일반국도,서부간선도로,서울특별시,영등포구,0.336,2,48388,7478,5583
8905772,일반국도,서부간선도로,서울특별시,영등포구,0.329,1,17348,2843,2696
8906119,일반국도,천호대로,서울특별시,강동구,0.273,7,49774,8427,9173
8906133,일반국도,신촌로,서울특별시,마포구,0.822,4,35446,6142,6139
8906134,일반국도,신촌로,서울특별시,서대문구,0.821,4,33327,5056,6332
8906204,일반국도,양재대로,서울특별시,서초구,0.567,3,39419,6977,5930
8907494,일반국도,영동대로,서울특별시,강남구,0.394,7,51383,6162,9482
8907495,일반국도,영동대로,서울특별시,강남구,0.707,7,42202,6087,7756
8907798,일반국도,동일로,서울특별시,중랑구,0.233,6,22934,3095,4626
8907799,일반국도,동일로,서울특별시,중랑구,0.233,6,26920,5385,4609
8907804,일반국도,동일로,서울특별시,중랑구,0.35,6,23793,3495,4773
8907805,일반국도,동일로,서울특별시,중랑구,0.35,6,28261,5661,5007
8909355,일반국도,공항대로,서울특별시,강서구,0.571,4,28484,5280,4717
8909356,일반국도,공항대로,서울특별시,강서구,0.437,4,29901,5780,5250
8909357,일반국도,공항대로,서울특별시,강서구,0.441,4,31074,5377,5451
8909358,일반국도,공항대로,서울특별시,강서구,0.57,4,28157,4473,5126
8909520,일반국도,경춘북로,서울특별시,중랑구,1.896,6,22866,3985,4625
8909966,일반국도,공항대로,서울특별시,강서구,0.023,8,23015,4091,3867
8910446,일반국도,영동대로,서울특별시,강남구,0.639,4,36300,5492,6514
