k_link_id,latitude,longitude,road_rank
1013669.0,37.498143102512095,126.84918145590194,103.0
1013670.0,37.4982326708111,126.84916881212854,103.0
1013672.0,37.49805249566847,126.8477676380453,103.0
1013673.0,37.49796658689907,126.84780015132984,103.0
1013688.0,37.49823843292018,126.85046741773763,103.0
1013689.0,37.498328517422266,126.85046545472416,103.0
1013698.0,37.49770837084838,126.85369096027746,103.0
1013699.0,37.49761471686613,126.85369331068271,103.0
1013702.0,37.49704603680753,126.86098715692378,103.0
1013703.0,37.49713381204805,126.86094632289344,103.0
1013704.0,37.49630836849624,126.84425106261344,103.0
1013705.0,37.49168121896809,126.83265817673652,103.0
1013706.0,37.49159552028614,126.83269321999192,103.0
1013722.0,37.49872922165276,126.87194382101757,103.0
1013723.0,37.50328102857501,126.8734614260872,103.0
1013724.0,37.49915745718992,126.87180204394852,103.0
1013727.0,37.49951769439676,126.86880932283614,103.0
1013728.0,37.499604163128765,126.86884125266955,103.0
1013729.0,37.499212992283645,126.87017907132608,103.0
1013730.0,37.49929980761069,126.8702094765577,103.0
1013793.0,37.48975841336538,126.82549468871086,103.0
1013794.0,37.49508724262252,126.87157380271992,103.0
1013917.0,37.498895315496725,126.87182776839502,103.0
1013918.0,37.4989853266686,126.87183365459023,103.0
1013919.0,37.49900744748724,126.87153872801954,103.0
1013920.0,37.49891868322565,126.87151908574096,103.0
1013946.0,37.49099043430213,126.87213241783728,103.0
1014014.0,37.5679124101939,126.80521926227352,103.0
1014036.0,37.56452855197774,126.80637503990988,103.0
1014046.0,37.55792658830745,126.84480188643936,103.0
1014058.0,37.55184106495217,126.81655944751266,103.0
1014059.0,37.55185074054479,126.81667200143944,103.0
1014073.0,37.55637933829456,126.85157443734929,103.0
1014076.0,37.556142851718405,126.85223076919628,103.0
1014239.0,37.58373230649305,126.7974702574584,103.0
1014272.0,37.56173658371074,126.80768174835087,103.0
1014273.0,37.56164794814632,126.80766087264504,103.0
1014289.0,37.56171391095154,126.80714121363285,103.0
1014290.0,37.56180337750081,126.80715494216392,103.0
1014295.0,37.57291076604119,126.80247284359623,103.0
1014296.0,37.57298647370892,126.80253429116016,103.0
1014519.0,37.57279438745162,126.80303602028974,103.0
1014520.0,37.57271241453749,126.80298863901336,103.0
1014574.0,37.59159914060227,126.79936843815216,103.0
1014793.0,37.59020004427647,126.80201989174743,103.0
1014920.0,37.59037389327133,126.80267596745392,103.0
1015100.0,37.59212484058195,126.80450002955337,103.0
1016585.0,37.50297110750122,126.87984056959708,103.0
1016586.0,37.5030382916698,126.87976515028043,103.0
1016587.0,37.48009205093204,126.87558647435554,103.0
1016588.0,37.485285735259374,126.8737345474972,103.0
1016766.0,37.45166386674323,126.90195550906344,103.0
1016860.0,37.4813223908066,126.87530623060164,103.0
1016861.0,37.47536078287504,126.8783034951506,103.0
1017135.0,37.578602463250206,126.90397771303236,103.0
1017136.0,37.578544884205,126.90406484176232,103.0
1017137.0,37.57960121763362,126.9052065238464,103.0
1017138.0,37.588334833984966,126.91263412463104,103.0
1017146.0,37.56433643139281,126.89910374693552,103.0
1017147.0,37.56433508609192,126.8992169343736,103.0
1017162.0,37.56630991090133,126.92428285926344,103.0
1017163.0,37.56639841842755,126.9243134943488,103.0
1017164.0,37.57010950303143,126.98110980733033,103.0
1017166.0,37.57526729126904,126.96845990069453,103.0
1017167.0,37.5758021563252,126.9734663579476,103.0
1017184.0,37.57194074242848,126.95983483596444,103.0
1017185.0,37.57184451103494,126.9598320383739,103.0
1017186.0,37.57239116179049,126.96346690649652,103.0
1017187.0,37.57248129429586,126.96346601545676,103.0
1017188.0,37.57125592351127,126.95588825914376,103.0
1017189.0,37.57116580318262,126.95588598266995,103.0
1017191.0,37.57013073110605,126.97827869459964,103.0
1017194.0,37.56976060131854,126.97299640972082,103.0
1017195.0,37.57152088844171,126.9773180939577,103.0
1017211.0,37.57029526278465,126.9899260769579,103.0
1017266.0,37.54772934404912,126.88071795882036,103.0
1017350.0,37.54679674677736,126.90850176639876,103.0
1017362.0,37.552114265440615,126.91759549004148,103.0
1017374.0,37.56116924839023,126.89877388089766,103.0
1017375.0,37.56079467753942,126.89762045880632,103.0
1017376.0,37.56071502709839,126.89767345254228,103.0
1017377.0,37.56151532679717,126.89895231985828,103.0
1017378.0,37.56155483364995,126.8988515835706,103.0
1017400.0,37.5642198218434,126.94474223651306,103.0
1017401.0,37.56427445079561,126.94465201740309,103.0
1017402.0,37.56046062546329,126.94007383354328,103.0
1017410.0,37.555964014542106,126.93423023623684,103.0
1017417.0,37.564860619061854,126.9289489180133,103.0
1017418.0,37.564795351216034,126.92887160867832,103.0
1017420.0,37.562152710703536,126.9317762030563,103.0
1017421.0,37.562213475777845,126.93185990168196,103.0
1017451.0,37.53955938990551,126.94614580805565,103.0
1017452.0,37.54232576960883,126.94991709620592,103.0
1017454.0,37.54316522316641,126.9506430636216,103.0
1017470.0,37.5290595906005,126.8889125177442,103.0
1017472.0,37.53213754548282,126.89115067386642,103.0
1017474.0,37.53055068094641,126.89010518297724,103.0
1017479.0,37.52973930033662,126.88915514076588,103.0
1017503.0,37.52721540844457,126.88534261399032,103.0
1017539.0,37.53753566944993,126.89912782246208,103.0
1017540.0,37.53788447469662,126.90020662467111,103.0
1017544.0,37.53908101891688,126.90058896295749,103.0
1017566.0,37.52863014981224,126.92887435904112,103.0
1017617.0,37.518622456303646,126.91267892244974,103.0
1017636.0,37.52551899177169,126.9240316098476,103.0
1017637.0,37.527491700775634,126.92715477845144,103.0
1017728.0,37.51612961505695,126.88210756053476,103.0
1017729.0,37.5236355541381,126.88175984720696,103.0
1017739.0,37.52684868215864,126.88496897304468,103.0
1017740.0,37.523857034212206,126.88160120985827,103.0
1017741.0,37.51987904434915,126.88183400469792,103.0
1017742.0,37.52001246375099,126.88208620715469,103.0
1017743.0,37.51599719423221,126.8817644466808,103.0
1017745.0,37.51176555866512,126.87822920689942,103.0
1017790.0,37.507228624612594,126.87506774444208,103.0
1017792.0,37.511675911736106,126.87855844860388,103.0
1017816.0,37.5169411850577,126.90851819405536,103.0
1017873.0,37.56602918733875,126.92725206534077,103.0
1017874.0,37.56595175315477,126.92719411477704,103.0
1017894.0,37.573264996908506,126.89858634401324,103.0
1017895.0,37.57586403106171,126.90126152569992,103.0
1017927.0,37.56000630933719,126.89608956429926,103.0
1017928.0,37.55994102355976,126.8961672564033,103.0
1017929.0,37.5599765549473,126.89587989191332,103.0
1017930.0,37.5601730423431,126.89579351340863,103.0
1017931.0,37.557738676089286,126.929220650822,103.0
1017935.0,37.55697046870367,126.9241729383545,103.0
1017950.0,37.5451190315584,126.88933940292956,103.0
1017960.0,37.56037463341011,126.93469370528793,103.0
1017961.0,37.56004115530911,126.93761410112548,103.0
1017962.0,37.56013129681226,126.93761506323932,103.0
1017963.0,37.56009434414181,126.9346238122998,103.0
1017964.0,37.56027206714776,126.94017243557026,103.0
1018084.0,37.519969461190016,126.9150655777478,103.0
1018087.0,37.5581040088958,126.96069900188068,103.0
1018089.0,37.55704499413847,126.95258234565176,103.0
1018090.0,37.559164586021375,126.96200083880684,103.0
1018118.0,37.53640523085013,126.89125567089444,103.0
1018207.0,37.5488513179092,126.91279776081016,103.0
1018258.0,37.57592577352559,126.90117852512142,103.0
1018314.0,37.57322027846574,126.89868466512212,103.0
1018336.0,37.574374370703424,126.96697931059369,103.0
1018337.0,37.57326795377386,126.96486936585929,103.0
1018338.0,37.57317938207083,126.96491672468632,103.0
1018417.0,37.56974983214962,126.95161069852314,103.0
1018418.0,37.57000510373462,126.95145963888186,103.0
1018498.0,37.562179232779926,126.89908084238088,103.0
1018499.0,37.56218623837995,126.8989679600014,103.0
1018547.0,37.5371386981968,126.94187617154046,103.0
1018560.0,37.538894489577366,126.89816384012993,103.0
1018563.0,37.51469266391369,126.9020006068894,103.0
1018589.0,37.64445258741488,126.91190666191284,103.0
1018590.0,37.64452833180585,126.91196823434302,103.0
1018591.0,37.64750342194979,126.90441003310222,103.0
1018592.0,37.64742622450609,126.90434740388989,103.0
1018605.0,37.59982470139354,126.915957334477,103.0
1018606.0,37.5998395578743,126.91584559653862,103.0
1018607.0,37.59585232458788,126.91487618115558,103.0
1018608.0,37.59583379069761,126.91498703870462,103.0
1018618.0,37.628652458306725,126.91955889833056,103.0
1018619.0,37.64115149714935,126.91578818325804,103.0
1018620.0,37.622709906062944,126.92009921525128,103.0
1018621.0,37.62274567743734,126.920208279614,103.0
1018628.0,37.60324124751592,126.9158183840224,103.0
1035609.0,37.49875335974482,127.0685332358698,103.0
1035611.0,37.49612355155308,127.06996655240896,103.0
1035634.0,37.48443010036424,127.12350016857484,103.0
1035635.0,37.49077307726183,127.12015553521748,103.0
1035676.0,37.49420166253739,127.11750300359958,103.0
1035769.0,37.46046956413662,127.02036075822176,103.0
1035807.0,37.45972672021743,127.01878791052242,103.0
1035830.0,37.46051867800087,127.0202646227084,103.0
1035831.0,37.459840028351344,127.01912096118362,103.0
1035863.0,37.45822987369888,127.0167972710264,103.0
1035906.0,37.48519566761534,127.07445516122702,103.0
1035918.0,37.46004545362484,127.01992194308696,103.0
1035919.0,37.46006290334746,127.01981101007996,103.0
1035964.0,37.55938353854055,127.07374192502348,103.0
1035965.0,37.55946349317758,127.07379419424502,103.0
1035966.0,37.55936138894536,127.07350129774105,103.0
1035971.0,37.54133395446046,127.11780561955749,103.0
1035972.0,37.541252650797176,127.11775617268287,103.0
1036001.0,37.57676915250499,127.02683795667473,103.0
1036002.0,37.57668683644908,127.02688478254564,103.0
1036033.0,37.574257920197866,127.01947518753028,103.0
1036034.0,37.57417546609484,127.01952056058674,103.0
1036050.0,37.57875974862767,127.04041381955705,103.0
1036051.0,37.578671189488574,127.04043829806528,103.0
1036075.0,37.567915188038576,127.07843582516122,103.0
1036076.0,37.56242256400044,127.07552964358904,103.0
1036079.0,37.54282031904622,127.11230541625672,103.0
1036080.0,37.54290517097456,127.11234360016012,103.0
1036081.0,37.54419425794018,127.10783916616091,103.0
1036082.0,37.54410943032964,127.1078008673472,103.0
1036084.0,37.5444937547195,127.10643438413284,103.0
1036085.0,37.54457939075739,127.1064697018076,103.0
1036086.0,37.547618336306265,127.08804566924852,103.0
1036087.0,37.54756825834784,127.08814122499076,103.0
1036088.0,37.55178024445095,127.08984121517231,103.0
1036089.0,37.55172293028512,127.08975060141144,103.0
1036094.0,37.55767871121047,127.0782768679099,103.0
1036095.0,37.55872707277555,127.0754411510331,103.0
1036097.0,37.55540834217428,127.08417146659492,103.0
1036098.0,37.55533334260779,127.0841076004766,103.0
1036108.0,37.559480041564,127.07403013164613,103.0
1036109.0,37.56011965808465,127.07436263190068,103.0
1036116.0,37.55852171279298,127.07347094725748,103.0
1036117.0,37.55321761277418,127.07018922414674,103.0
1036118.0,37.55318066207256,127.07029249349036,103.0
1036119.0,37.55934143906911,127.07377423293694,103.0
1036120.0,37.55938040462073,127.07367210180703,103.0
1036121.0,37.56026036431202,127.07404427013446,103.0
1036254.0,37.53573139494497,127.06016301989752,103.0
1036255.0,37.536998177621776,127.0611065011837,103.0
1036256.0,37.53703420503816,127.06100274644956,103.0
1036257.0,37.534473577189104,127.05957994353685,103.0
1036258.0,37.53443595648491,127.05968279796352,103.0
1036259.0,37.53561274248536,127.06047645070008,103.0
1036260.0,37.53684691566654,127.06120423812573,103.0
1036279.0,37.5406831659512,127.06321243276044,103.0
1036280.0,37.540720849558745,127.0631096088548,103.0
1036281.0,37.54524586570245,127.06580018005286,103.0
1036282.0,37.5452834462687,127.06569728482052,103.0
1036289.0,37.53449324472709,127.08437410316009,103.0
1036290.0,37.53452730242877,127.08447900377732,103.0
1036504.0,37.526388832620135,127.05514051435809,103.0
1036505.0,37.526423543850655,127.0550360204281,103.0
1036524.0,37.53146118310571,127.0862472691565,103.0
1036526.0,37.52958827740374,127.08754399000416,103.0
1036527.0,37.52963462650644,127.08764107476166,103.0
1036608.0,37.52995280315659,127.0571539311252,103.0
1036609.0,37.52998983052858,127.05705074393072,103.0
1036613.0,37.55866053738599,127.07313636895508,103.0
1036614.0,37.5592193718327,127.07365202319646,103.0
1036615.0,37.55921700160323,127.07389320885116,103.0
1036616.0,37.559609304992456,127.07387110135365,103.0
1036617.0,37.55962735479113,127.07364977214482,103.0
1036674.0,37.528724966769616,127.08822162977992,103.0
1036675.0,37.52877235781675,127.08831789999051,103.0
1036707.0,37.5284125721725,127.08846139189122,103.0
1036708.0,37.52845940241748,127.08855809341205,103.0
1036710.0,37.53831270490273,127.061592697882,103.0
1036723.0,37.52442128601833,127.09180183905616,103.0
1036725.0,37.528073734854544,127.088926408753,103.0
1036801.0,37.53315228623096,127.05895841224611,103.0
1036802.0,37.533188981255314,127.05885503360945,103.0
1036856.0,37.52800306680941,127.08869792868498,103.0
1036857.0,37.524314602665385,127.09146528192468,103.0
1036920.0,37.59493831800195,127.08032197190998,103.0
1036921.0,37.59502455371801,127.0802890197337,103.0
1036922.0,37.59417092668725,127.08008095580227,103.0
1036946.0,37.6549712520073,127.06046778518228,103.0
1036947.0,37.65495222809269,127.0603569715774,103.0
1036948.0,37.65844016218493,127.05941918044915,103.0
1036949.0,37.65846025900488,127.05952968893898,103.0
1036952.0,37.6629041529333,127.05831597031968,103.0
1036953.0,37.66288672645781,127.0582047259466,103.0
1036955.0,37.6433430262542,127.06487698232834,103.0
1036956.0,37.63856941625962,127.06714127059486,103.0
1036957.0,37.64984428128607,127.06210387975555,103.0
1036958.0,37.64981634170717,127.06199611592474,103.0
1036986.0,37.63075783466406,127.0705382451254,103.0
1036987.0,37.62167409285296,127.07440176249716,103.0
1037060.0,37.61749932149768,127.07566535548976,103.0
1037061.0,37.60416063926647,127.10082084421562,103.0
1037062.0,37.61684291999274,127.10312114929594,103.0
1037063.0,37.61687987560556,127.10301771924914,103.0
1037065.0,37.59960219196851,127.09887400805265,103.0
1037066.0,37.59951487502319,127.09890212396294,103.0
1037069.0,37.59876413925257,127.0950574316828,103.0
1037070.0,37.59566776362692,127.08303684928715,103.0
1037105.0,37.595255312560965,127.08034368153588,103.0
1037106.0,37.59525310944757,127.08023035376397,103.0
1037111.0,37.59172679472994,127.06794235974397,103.0
1037112.0,37.591810341245214,127.06789985307518,103.0
1037113.0,37.59246753812736,127.07007521422136,103.0
1037114.0,37.592382177854105,127.0701116222604,103.0
1037116.0,37.59293442744475,127.07219712773048,103.0
1037117.0,37.59302104431006,127.07216580217998,103.0
1037124.0,37.58695598085845,127.05262411079768,103.0
1037125.0,37.589647647024265,127.06043087158466,103.0
1037164.0,37.5960291705543,127.08013988045197,103.0
1037183.0,37.59608727467447,127.08053262150035,103.0
1037231.0,37.67437816472374,127.05552850231568,103.0
1037298.0,37.617636544038994,127.1034727911406,103.0
1037299.0,37.61765008679099,127.1033606853518,103.0
1037317.0,37.59419380191979,127.08044543152744,103.0
1038301.0,37.53655485508685,127.14884730790143,103.0
1038308.0,37.534521460816215,127.1363648864718,103.0
1041389.0,37.68798945525662,127.05537896578734,103.0
1041396.0,37.68149168841872,127.0554799150923,103.0
1041397.0,37.684975463034746,127.0554642712456,103.0
1041401.0,37.685753279412125,127.05565459937192,103.0
1041402.0,37.68576165642433,127.05554167599188,103.0
1041457.0,37.68658955605351,127.05551581399584,103.0
1062576.0,37.598226050251874,126.81016034892656,103.0
1063421.0,37.46019050826624,127.0199765122074,103.0
1063422.0,37.46056683789951,127.02204830028086,103.0
1063423.0,37.46044584537317,127.02152680395224,103.0
1064477.0,37.667543845784,127.05702186397176,103.0
1064478.0,37.67438395238348,127.05564172104916,103.0
1064499.0,37.66756244198078,127.05713281400074,103.0
1064540.0,37.6216482593743,127.07429316111002,103.0
1064541.0,37.63078543208774,127.07064625160928,103.0
1064558.0,37.58955246816272,127.06043039760446,103.0
1064559.0,37.58700736418308,127.05253101087916,103.0
1064567.0,37.64118555095352,126.91589226818442,103.0
1064568.0,37.63679224849305,126.91685119785632,103.0
1064575.0,37.636798984226935,126.91696440290436,103.0
1064576.0,37.63247528642526,126.91809442236656,103.0
1064587.0,37.63248828052466,126.91821427181108,103.0
1064588.0,37.628640884426815,126.9194465621582,103.0
1064602.0,37.582409588512114,126.90822143168651,103.0
1064603.0,37.57965986964931,126.9051205193799,103.0
1064620.0,37.58246633135104,126.90813341343602,103.0
1064621.0,37.58829278854455,126.912735001614,103.0
1064678.0,37.57589180936749,126.9734780508993,103.0
1064686.0,37.57445232552492,126.96692335499748,103.0
1064708.0,37.57062975909251,126.9949579353392,103.0
1064717.0,37.57053975581282,126.99496412387208,103.0
1064718.0,37.570385225472016,126.98991909733816,103.0
1064745.0,37.61118364663636,127.07763259044566,103.0
1064746.0,37.61359109807504,127.07705756554586,103.0
1064747.0,37.61119686837888,127.077744666099,103.0
1064749.0,37.61710575832494,127.07580350341148,103.0
1064750.0,37.61752523050023,127.07577388394628,103.0
1064751.0,37.6171286100579,127.07591311134554,103.0
1064752.0,37.61621496782299,127.07607852419176,103.0
1064754.0,37.61623679617279,127.07618845763784,103.0
1064755.0,37.61356970597597,127.07694750745507,103.0
1064768.0,37.60416305254463,127.1007075209653,103.0
1064780.0,37.596796848125656,127.08685259998366,103.0
1064781.0,37.59761476787989,127.0905059418098,103.0
1064784.0,37.58900805909797,127.07996637666672,103.0
1064792.0,37.58900441629332,127.08007955584593,103.0
1064801.0,37.59770076920664,127.09047197826412,103.0
1064802.0,37.59867741076821,127.09508827563964,103.0
1064806.0,37.55759759364735,127.07822754410516,103.0
1064819.0,37.596711484839,127.08688896554818,103.0
1064820.0,37.595752960049154,127.08299985322928,103.0
1064935.0,37.5624593374836,127.07542626193144,103.0
1064936.0,37.56788857132812,127.07854423164184,103.0
1064949.0,37.53141355160813,127.08615117896906,103.0
1064960.0,37.53820228205576,127.0619421209683,103.0
1064962.0,37.53696227072231,127.0608234725272,103.0
1065022.0,37.541230047133496,126.9484353452087,103.0
1065045.0,37.5469236387308,126.87523533783543,103.0
1065115.0,37.49623426335205,126.84431584348334,103.0
1065116.0,37.49470359443928,126.84061374989066,103.0
1065123.0,37.49462388799944,126.84066656518398,103.0
1065185.0,37.60323645435921,126.91570515387016,103.0
1065411.0,37.48102147678487,127.12521677500683,103.0
1065423.0,37.488825165132354,127.07400473663816,103.0
1065432.0,37.49360444773386,127.07138183872767,103.0
1065969.0,37.63853799527944,127.06703502481488,103.0
1065970.0,37.643374040034765,127.06498341342868,103.0
1082389.0,37.45814865063426,127.01684544303458,103.0
1083891.0,37.684971009766734,127.0555775458212,103.0
1083892.0,37.68149320380421,127.05536651121152,103.0
1085210.0,37.57533335011796,126.96838274840714,103.0
1085396.0,37.536407428010406,127.13036310667825,103.0
1085539.0,37.5708218461337,126.99986539302296,103.0
1085540.0,37.57091176015474,126.99985705246824,103.0
1088448.0,37.54250437636114,127.16296540397131,103.0
1088868.0,37.53403338791309,127.14201563146209,103.0
1088879.0,37.558003021593336,127.113013070865,103.0
1088883.0,37.54091410308851,127.0839864533952,103.0
1088884.0,37.54092022564572,127.08387354287812,103.0
1088912.0,37.57810101563627,127.034413124606,103.0
1088915.0,37.57217191463397,127.01233947993236,103.0
1088916.0,37.57208673453594,127.01237727106415,103.0
1089195.0,37.54819814483671,126.76611742682674,103.0
1089212.0,37.4991280507852,126.86678258208129,103.0
1089213.0,37.49921293387448,126.86675132460933,103.0
1089579.0,37.60074262868452,127.1155204302905,103.0
1089589.0,37.59237544676285,127.08024644534916,103.0
1089590.0,37.592377905597424,127.08013321386169,103.0
1089595.0,37.59936317609312,127.07998127418,103.0
1089596.0,37.59935197230894,127.07986886140664,103.0
1089614.0,37.56660122041792,126.89640401941782,103.0
1089615.0,37.56668294343829,126.89644807954252,103.0
1089624.0,37.55059356601259,126.9553358207945,103.0
1090230.0,37.49392888297037,126.83887045397373,103.0
1090637.0,37.57386328626268,127.08012714782564,103.0
1090638.0,37.57386826864575,127.08001361066256,103.0
1090639.0,37.57623625192608,127.07987426352838,103.0
1090640.0,37.57622988796723,127.07976129797194,103.0
1090641.0,37.57893985553398,127.07970938360069,103.0
1090642.0,37.57893816446215,127.07959613202708,103.0
1090723.0,37.493853441642585,126.838932402864,103.0
1090736.0,37.50860872771323,126.8879430809108,103.0
1091413.0,37.49538397380556,126.87127678824066,103.0
1091444.0,37.55037166744594,126.81663341641662,103.0
1091445.0,37.55037682919575,126.81652037596,103.0
1091558.0,37.57608045379566,126.97116547888992,103.0
1091629.0,37.53277016506822,126.93545583881073,103.0
1091630.0,37.53298734114827,126.93518588385312,103.0
1091641.0,37.60865468362261,126.91593615376544,103.0
1092208.0,37.47502159089159,127.057250423006,103.0
1092219.0,37.45952033413744,127.01918595347152,103.0
1092316.0,37.61577300391406,127.1023424109701,103.0
1092317.0,37.61581820571443,127.10224438125375,103.0
1092319.0,37.61190313629229,127.1012488105756,103.0
1093357.0,37.61188361622068,127.10135995203352,103.0
1093367.0,37.60864839956604,126.91605308528548,103.0
1093950.0,37.57600079920135,126.96932580687854,103.0
1093951.0,37.57599045687356,126.97116455143971,103.0
1093952.0,37.57592228915794,126.96937868141046,103.0
1094295.0,37.54587810573359,126.8127079386346,103.0
1094468.0,37.57105344557335,127.00551973190926,103.0
1094469.0,37.57114268788548,127.0054954118246,103.0
1094922.0,37.56422122146101,126.9078015384615,103.0
1094923.0,37.564137293680346,126.90784307931996,103.0
1095254.0,37.54490611958329,127.10522867361522,103.0
1095255.0,37.54482058110247,127.105192986274,103.0
1095743.0,37.558806371605776,127.07549533321269,103.0
1096651.0,37.57819006841316,127.03439184817388,103.0
1096891.0,37.55213337988711,126.81663526586112,103.0
1096892.0,37.55212533765635,126.81652250887484,103.0
1096895.0,37.55271420579288,126.8171383514496,103.0
4100884.0,37.59463774461421,127.07869444623856,103.0
4100885.0,37.59363328595924,127.0750214698242,103.0
4101444.0,37.59371915119592,127.07498701411694,103.0
4101445.0,37.59455133805746,127.07872669682702,103.0
5102064.0,37.54690664851757,127.1059188982015,103.0
5102065.0,37.54685555550164,127.10601216139494,103.0
5103181.0,37.54571761888814,127.10501657282036,103.0
5103182.0,37.54577077927384,127.10492513161124,103.0
5103439.0,37.567082664887415,126.96808645742249,103.0
7104882.0,37.47562418443909,127.12691576217586,103.0
7106796.0,37.4600715319844,127.02125527018062,103.0
7106954.0,37.43345479629947,126.90334968867522,103.0
7106966.0,37.456835492264666,126.8909175073654,103.0
7106967.0,37.456846183010526,126.89102911442129,103.0
7107166.0,37.50004000526912,126.87510394214952,103.0
7107167.0,37.50012431808911,126.87506474554148,103.0
7107169.0,37.50440017178257,126.88167711137356,103.0
7107170.0,37.50433604652649,126.88175661719804,103.0
7107280.0,37.47590077431136,127.12693287373116,103.0
7108077.0,37.572393617727045,126.96392532526096,103.0
7108078.0,37.57328005179323,126.96467996883952,103.0
8101623.0,37.6893457402999,127.05549018662052,103.0
8102530.0,37.50745071482189,126.87487781844848,103.0
8102532.0,37.503859579745225,126.8733521439098,103.0
8102683.0,37.55980852522598,126.89498275640366,103.0
8102684.0,37.561050078643206,126.89741579623634,103.0
8102685.0,37.561408257999965,126.8986628205774,103.0
8102686.0,37.562086827490425,126.90007432066784,103.0
8102687.0,37.561830870758165,126.900495059974,103.0
8102688.0,37.56245362742736,126.9016321723517,103.0
8102689.0,37.56271531421669,126.90299330839906,103.0
8102690.0,37.56279974332794,126.90295367064276,103.0
8102693.0,37.53674147692132,126.94185690274809,103.0
8102824.0,37.58058975463923,127.04545013667372,103.0
8102825.0,37.58066546940919,127.04538873378954,103.0
8102828.0,37.583947683491736,127.0499289845438,103.0
8102829.0,37.584006237126125,127.0498429678011,103.0
8102847.0,37.48545709167872,127.07412975714618,103.0
8102853.0,37.47187593882197,127.0515382483893,103.0
8104174.0,37.68798294313089,127.05568746318392,103.0
8104175.0,37.68933481743865,127.05537760282267,103.0
8119510.0,37.50636598605468,127.06439168493694,103.0
8189700.0,37.468738549768574,127.046984690592,103.0
8190000.0,37.46545373089829,127.04229510193998,103.0
8190300.0,37.46460418761232,127.0410861131272,103.0
8192500.0,37.46133589376679,127.03739208517996,103.0
8192600.0,37.46163844010675,127.03693308178062,103.0
8231410.0,37.50308428792304,127.06618098558371,103.0
8271600.0,37.57321286982633,126.96519026933012,103.0
8570445.0,37.46584995928107,127.04285999482576,103.0
8570452.0,37.46360247406484,127.03964320770376,103.0
8570453.0,37.4627971673248,127.0384834234238,103.0
8570454.0,37.46232539079753,127.03871414771008,103.0
8570455.0,37.46548056747943,127.0432501203112,103.0
8571941.0,37.54746013186693,127.09757132992368,103.0
8571942.0,37.54738257359654,127.0975129548262,103.0
8583500.0,37.549524755612616,127.18153956499008,103.0
8599900.0,37.45406303049802,126.89216022662356,103.0
8624600.0,37.53969439344563,126.88977021278602,103.0
8624900.0,37.5324098478294,126.89098716748552,103.0
8891158.0,37.54730610333674,126.88740585752508,103.0
8891162.0,37.51171316850662,126.8938428491034,103.0
8893002.0,37.60619286667216,127.07856780401244,103.0
8893004.0,37.60620598740195,127.0786798919401,103.0
8893148.0,37.57121332238102,126.77356697282713,103.0
8893436.0,37.45533273456985,127.00827989904155,103.0
8893973.0,37.49236969845052,126.8353032330724,103.0
8893998.0,37.49245020857893,126.83525155217148,103.0
8894070.0,37.61553365890679,126.9186405763445,103.0
8894071.0,37.615474761318055,126.91872745127172,103.0
8895870.0,37.45432787876717,126.89174789198654,103.0
8895948.0,37.47721242067266,126.87743834179624,103.0
8895951.0,37.46394865620925,127.04106934918843,103.0
8895952.0,37.46492098483301,127.0424779452049,103.0
8897037.0,37.553719030491074,126.85899480814632,103.0
8897122.0,37.56657938779432,126.91667264610356,103.0
8897123.0,37.56667157683023,126.9166653714296,103.0
8897125.0,37.54468351385033,126.88918545340992,103.0
8897134.0,37.54606208240779,126.88635823550584,103.0
8897135.0,37.545654240698894,126.88720230718552,103.0
8897139.0,37.546404224237406,126.88620951352992,103.0
8898320.0,37.45332930853055,126.89698659811108,103.0
8898321.0,37.45341553062352,126.8969501498003,103.0
8898745.0,37.54539298006194,126.88849043256444,103.0
8899180.0,37.45281777248933,126.89249879723556,103.0
8899359.0,37.460131771127536,127.02500055307736,103.0
8899360.0,37.46018613068722,127.02451871573622,103.0
8899364.0,37.55835220933439,126.8949862647123,103.0
8899365.0,37.55839076448626,126.89488392686384,103.0
8899366.0,37.55908159677317,126.8954231526838,103.0
8899367.0,37.55912119166462,126.89532144101229,103.0
8899389.0,37.46027566075739,127.03341501635398,103.0
8899390.0,37.46712163549429,127.04464027907169,103.0
8899402.0,37.546811904045896,126.88884188327692,103.0
8899410.0,37.54784646425577,126.88867267046828,103.0
8899411.0,37.54788831021104,126.88857240721444,103.0
8899412.0,37.55230854913573,126.8913497959592,103.0
8899413.0,37.55234740565561,126.89124764506722,103.0
8899760.0,37.46307030876913,127.03978713633752,103.0
8900895.0,37.54517945459628,126.8867459845652,103.0
8901129.0,37.54332900750098,126.887539959493,103.0
8901805.0,37.49647077743926,127.06978446079675,103.0
8901807.0,37.49657728643696,127.0701150771069,103.0
8901927.0,37.508955023216885,127.06339059365436,103.0
8901945.0,37.522469198374026,127.05553899733862,103.0
8901946.0,37.51713679655488,127.05848718930667,103.0
8901948.0,37.524299805519696,127.05497534311884,103.0
8901952.0,37.51157876739468,127.06156460104496,103.0
8901959.0,37.49886103736298,127.06886552019584,103.0
8901967.0,37.50814595068873,127.06340790294924,103.0
8901968.0,37.50497483011201,127.06553690781038,103.0
8902018.0,37.488940139595705,127.0742613032203,103.0
8902025.0,37.46852028686156,127.04721995586878,103.0
8902026.0,37.47172938094429,127.05170763171,103.0
8902030.0,37.47524755216993,127.05705619348949,103.0
8902032.0,37.47589619202255,127.05892288453884,103.0
8902033.0,37.476087888742015,127.05897817134591,103.0
8902034.0,37.47611737671744,127.05872528486007,103.0
8902035.0,37.47770825325945,127.0617925649847,103.0
8902036.0,37.48004052309648,127.06629910587604,103.0
8902037.0,37.48358496723519,127.07157124558056,103.0
8902038.0,37.480928654142026,127.06749629577624,103.0
8902039.0,37.49399681607061,127.07154072378952,103.0
8902074.0,37.46679107207255,127.04496656093583,103.0
8902075.0,37.46240215262235,127.03679899354842,103.0
8902076.0,37.46263657754183,127.03694422439666,103.0
8902077.0,37.46061054020242,127.03644753621816,103.0
8902247.0,37.51838094672665,127.09603270118446,103.0
8902248.0,37.51868399375328,127.09617191984668,103.0
8902249.0,37.516229310267065,127.0980537912844,103.0
8902250.0,37.51473045515315,127.09923916631192,103.0
8902251.0,37.51459613931462,127.09889840634088,103.0
8902252.0,37.51335890991848,127.1003268009442,103.0
8902254.0,37.51321374376703,127.09995258720132,103.0
8902349.0,37.5400775052672,127.12050324273068,103.0
8902350.0,37.540147673946976,127.12057436489825,103.0
8902353.0,37.53903571297755,127.12236149123176,103.0
8902354.0,37.539114378387055,127.12241632959535,103.0
8902355.0,37.538523716827655,127.12381377605703,103.0
8902356.0,37.538607130256935,127.1238566666531,103.0
8902357.0,37.537981602159,127.12531542127108,103.0
8902358.0,37.53699095521877,127.12933752995266,103.0
8902370.0,37.53476301219485,127.1364793395544,103.0
8902372.0,37.53385082056815,127.13854985372812,103.0
8902374.0,37.53410878321377,127.1386455451472,103.0
8902379.0,37.53433986876541,127.14206911342345,103.0
8902382.0,37.53686698054132,127.14887812907271,103.0
8902394.0,37.54278694573735,127.1629733398882,103.0
8902406.0,37.54894783878756,127.18052781675686,103.0
8902407.0,37.54911739615682,127.18185847459478,103.0
8902412.0,37.54852563334589,127.17827294238528,103.0
8902413.0,37.54827059795554,127.1768316935603,103.0
8902416.0,37.549187979634894,127.18035037428268,103.0
8902532.0,37.48265362916528,127.12439033839594,103.0
8902534.0,37.48256050875482,127.12402079615433,103.0
8902538.0,37.48435367805559,127.12312005059268,103.0
8902546.0,37.48736429723613,127.1216021184046,103.0
8902547.0,37.487476955530525,127.12197413760062,103.0
8902550.0,37.49065120977595,127.11981368198852,103.0
8902553.0,37.494049241241086,127.1171680469563,103.0
8902560.0,37.49758432063915,127.11401654999368,103.0
8902561.0,37.49771132561405,127.11425700744668,103.0
8902566.0,37.5008984477035,127.11141000192733,103.0
8902567.0,37.50073095606506,127.11107203484278,103.0
8902574.0,37.50351544178327,127.10849560586614,103.0
8902575.0,37.50368753141433,127.10884295773552,103.0
8902578.0,37.50688809693518,127.1054373342596,103.0
8902579.0,37.50707195827095,127.10574062356112,103.0
8902590.0,37.51108676330831,127.101635524184,103.0
8902593.0,37.51125893366089,127.10198479594492,103.0
8902595.0,37.509844432361405,127.10277727315903,103.0
8902596.0,37.510029409549794,127.10310007616737,103.0
8902601.0,37.51229888301225,127.1011615350455,103.0
8902602.0,37.51214670333264,127.10081606678996,103.0
8902660.0,37.55971189349795,126.82532989910878,103.0
8902661.0,37.56036027659451,126.82176347548976,103.0
8902662.0,37.56025739558583,126.82014188965044,103.0
8902667.0,37.560926883608055,126.8165327255656,103.0
8902668.0,37.56134037311909,126.81236961430454,103.0
8902669.0,37.56158218726507,126.80816712981996,103.0
8902670.0,37.56106415753947,126.81238169658016,103.0
8902687.0,37.55582045150823,126.85315618931055,103.0
8902696.0,37.55609912011466,126.85151218733598,103.0
8902697.0,37.55588371787414,126.85212539221897,103.0
8902698.0,37.55570025829377,126.85264704940396,103.0
8902699.0,37.55548314540821,126.85327743026308,103.0
8902706.0,37.5576502156067,126.84473461929156,103.0
8902712.0,37.55344611214888,126.85890655794758,103.0
8902715.0,37.549092103870414,126.8682064602496,103.0
8902716.0,37.547272223878025,126.8788093064455,103.0
8902718.0,37.547488332268,126.87870577624192,103.0
8902719.0,37.54856854560651,126.87085743326644,103.0
8902726.0,37.57028854721585,126.89619560261228,103.0
8902727.0,37.570441616133664,126.89595991374024,103.0
8902730.0,37.56766444271997,126.89364961334074,103.0
8902731.0,37.56772832179392,126.89372949769276,103.0
8902748.0,37.55687575293968,126.89411211207864,103.0
8902749.0,37.556914531911616,126.8940099097788,103.0
8902750.0,37.55759474980013,126.89453905892996,103.0
8902751.0,37.55763300683842,126.8944365457047,103.0
8902757.0,37.54303063307493,126.90418056791783,103.0
8902761.0,37.54813094129548,126.91050793194086,103.0
8902762.0,37.54827092858012,126.91016268508568,103.0
8902763.0,37.547027211489,126.90840309748218,103.0
8902767.0,37.54324291919088,126.90402744037364,103.0
8902769.0,37.54903933131295,126.91239388943356,103.0
8902776.0,37.55504512399882,126.93685503558156,103.0
8902777.0,37.556166173861534,126.9344016145272,103.0
8902779.0,37.55798307329045,126.92931713872724,103.0
8902782.0,37.55722482209,126.92407367069772,103.0
8902787.0,37.5522961742279,126.91739840029788,103.0
8902814.0,37.55843928091053,126.96065315177486,103.0
8902816.0,37.55731727664181,126.95929500416534,103.0
8902817.0,37.55718383930783,126.95941073367324,103.0
8902818.0,37.55732647199913,126.95952320324048,103.0
8902819.0,37.55728705110739,126.95265403312182,103.0
8902823.0,37.5379250967886,126.94375234509464,103.0
8902824.0,37.53827339062114,126.94376549166032,103.0
8902829.0,37.53974512780271,126.9458967519392,103.0
8902835.0,37.54135694413987,126.94809560359522,103.0
8902838.0,37.54241355499031,126.9495583660596,103.0
8902840.0,37.54329029736788,126.95034854441388,103.0
8902847.0,37.550656377537706,126.95503971550112,103.0
8902936.0,37.5703337937356,126.98297523134882,103.0
8902938.0,37.57012474667593,126.9829663237694,103.0
8902939.0,37.57013246845748,126.9835805709194,103.0
8902940.0,37.57030749030668,126.98358552725114,103.0
8902941.0,37.570175810197206,126.9859003952373,103.0
8902942.0,37.57026593816379,126.98589915651183,103.0
8902947.0,37.57032381670155,126.9811153154096,103.0
8902955.0,37.57034816139848,126.97828136628574,103.0
8902957.0,37.5703512297301,126.97715545336722,103.0
8902959.0,37.57012515981934,126.97714910571204,103.0
8902961.0,37.56250996579608,126.96448298738188,103.0
8902962.0,37.56581395990978,126.96680898655303,103.0
8902964.0,37.56597483425063,126.96658692307048,103.0
8902966.0,37.56266021613508,126.96424942150944,103.0
8902987.0,37.56720835826045,126.96780147872796,103.0
8902993.0,37.56993748176429,126.97282769771807,103.0
8902995.0,37.57401918346477,126.977328342033,103.0
8902996.0,37.57276327478348,126.97703434300476,103.0
8902997.0,37.57550977303561,126.97570039353144,103.0
8902998.0,37.57560779003785,126.97569300942388,103.0
8902999.0,37.5752167295275,126.97718899296147,103.0
8903000.0,37.575297952541725,126.97713990236832,103.0
8903016.0,37.58578002361573,126.79842226008788,103.0
8903018.0,37.58108494452392,126.79828228457885,103.0
8903120.0,37.56254851720305,126.80709242209,103.0
8903121.0,37.56250919161685,126.80671471823118,103.0
8903125.0,37.56447336581679,126.80612649343304,103.0
8903130.0,37.56787086003307,126.80500780566209,103.0
8903131.0,37.57063487548783,126.80408303631184,103.0
8903132.0,37.57137583720223,126.80415647885856,103.0
8903133.0,37.57190721528351,126.80364823271796,103.0
8903136.0,37.57257392553039,126.80359839283658,103.0
8903137.0,37.57266251374482,126.80357752821932,103.0
8903138.0,37.574677077537736,126.80242665909724,103.0
8903139.0,37.57700725423307,126.8012606539488,103.0
8903140.0,37.578773837886594,126.79968694910404,103.0
8903141.0,37.50527603217631,126.883046202356,103.0
8903142.0,37.505341395859816,126.88296823295144,103.0
8903143.0,37.506512757491,126.88487682168802,103.0
8903144.0,37.50668578231219,126.88471002114132,103.0
8903151.0,37.508806408374674,126.88776176838712,103.0
8903170.0,37.51191159264626,126.893697172031,103.0
8903172.0,37.514902514139806,126.90188308221111,103.0
8903174.0,37.51714841176744,126.90841337552428,103.0
8903179.0,37.51873247091302,126.91254509099343,103.0
8903181.0,37.52015001884765,126.91483311722546,103.0
8903184.0,37.52076662334581,126.91638396217344,103.0
8903185.0,37.5209914122396,126.91616727775046,103.0
8903241.0,37.52275623165279,126.91959379579168,103.0
8903242.0,37.5229768320762,126.91938564068296,103.0
8903246.0,37.52414053423335,126.92176432866324,103.0
8903247.0,37.52430928215004,126.92154881950854,103.0
8903252.0,37.528128333347496,126.92760331832586,103.0
8903255.0,37.525694171286496,126.92381927618054,103.0
8903278.0,37.53855689467837,126.89916395094498,103.0
8903279.0,37.5394067481974,126.89877156735466,103.0
8903280.0,37.53930997809064,126.90028525811292,103.0
8903291.0,37.547541745985626,126.8834015160728,103.0
8903292.0,37.54650589454129,126.8855178219559,103.0
8903293.0,37.54761610025571,126.88385350261883,103.0
8903294.0,37.54657429462727,126.88590712542192,103.0
8903295.0,37.54581289683389,126.88743939678308,103.0
8903296.0,37.54461074091147,126.88986305115262,103.0
8903298.0,37.545173455234895,126.88818995752952,103.0
8903299.0,37.54409599414368,126.8873442862643,103.0
8903300.0,37.54406607204976,126.88723750864656,103.0
8903301.0,37.54342200447074,126.88776651668202,103.0
8903302.0,37.54711728036631,126.88823779412428,103.0
8903303.0,37.5471554489091,126.8881352433129,103.0
8903304.0,37.54539386803917,126.88740037994648,103.0
8903305.0,37.545404907708445,126.88728966221552,103.0
8903306.0,37.54616733075101,126.88833127062954,103.0
8903307.0,37.54660746560288,126.88717619892596,103.0
8903308.0,37.54700992871719,126.8854438362904,103.0
8903323.0,37.54813198069871,126.88259607830894,103.0
8903324.0,37.54796055397629,126.88072387330884,103.0
8903330.0,37.54491105413136,126.88783745451504,103.0
8903332.0,37.54364196756201,126.88774320415276,103.0
8903333.0,37.54371376226136,126.89173880771104,103.0
8903334.0,37.54409520458877,126.8910795104362,103.0
8903335.0,37.54450769458786,126.89037993976078,103.0
8903337.0,37.54240757516066,126.89338203548334,103.0
8903338.0,37.54186727021583,126.8948492086128,103.0
8903339.0,37.54010064761675,126.89719548102076,103.0
8904232.0,37.47079795569314,127.12660108096615,103.0
8904234.0,37.47082889170407,127.1269253912683,103.0
8904236.0,37.46914432374414,127.12646832585048,103.0
8904471.0,37.45472882588464,126.90057008549373,103.0
8904472.0,37.45481726021406,126.90054811857304,103.0
8904483.0,37.44369405559007,126.90376223008812,103.0
8904484.0,37.44364806719884,126.90336094138256,103.0
8904486.0,37.45158735084806,126.90158414372785,103.0
8904653.0,37.47371359319865,126.87969300240054,103.0
8904654.0,37.47047940536238,126.88198741348498,103.0
8904656.0,37.46697741665928,126.8853983476676,103.0
8904658.0,37.47035438358272,126.882355035202,103.0
8905016.0,37.438254889755214,126.90296080692548,103.0
8905018.0,37.438223195366646,126.90335898065902,103.0
8905022.0,37.43853224308536,126.90339044524224,103.0
8905023.0,37.43855162945678,126.90298432960935,103.0
8905550.0,37.47588318979376,127.1273061567949,103.0
8905553.0,37.47334224878301,127.1271205988526,103.0
8905554.0,37.47189702051182,127.12666253188878,103.0
8905555.0,37.47418039283111,127.12680947128275,103.0
8905557.0,37.47770873618848,127.12643327352308,103.0
8905559.0,37.48091104632514,127.12486341680304,103.0
8905581.0,37.47601935325184,127.12731439939203,103.0
8905582.0,37.477792249441535,127.12678481152064,103.0
8905767.0,37.53759257611794,126.89047483753116,103.0
8905768.0,37.541761420053234,126.88835756540462,103.0
8905769.0,37.542833034166286,126.88811789056852,103.0
8905771.0,37.54145404275661,126.88882965033196,103.0
8905772.0,37.54147310231156,126.88899818223896,103.0
8906119.0,37.5473767824301,127.1749516736852,103.0
8906133.0,37.5561014678973,126.94138751360435,103.0
8906134.0,37.55634387644747,126.94135428074446,103.0
8906204.0,37.45985226970992,127.02839431963172,103.0
8907494.0,37.521771524343706,127.05636070708655,103.0
8907495.0,37.51722389739128,127.05884509731662,103.0
8907798.0,37.58247081472402,127.0797991173188,103.0
8907799.0,37.5824738761545,127.07968592409814,103.0
8907804.0,37.5850954991814,127.07991366745772,103.0
8907805.0,37.58509903355052,127.07980049015391,103.0
8909355.0,37.5592548905707,126.83008732769548,103.0
8909356.0,37.558688623762094,126.83575160172968,103.0
8909357.0,37.55898002904415,126.83581072152946,103.0
8909358.0,37.55953118997075,126.83012433542538,103.0
8909520.0,37.6246603418534,127.10942281203812,103.0
8909966.0,37.56167117061501,126.80818514492712,103.0
8910446.0,37.51166652128917,127.06189287153502,103.0
