name,lat,lng
송림아마레스아파트,37.5906900199854,126.997715424817
리치캐슬아파트,37.588559805649,126.997822939006
노블레스빌,37.6074383271574,126.970249130338
무악다온채,37.5761445658622,126.957925898536
크래스빌,37.6085203551485,126.974203406118
창신이수,37.5779927812929,127.014696141319
신동아블루아광화문의꿈,37.5757916307873,126.9699712435
프라임캐슬(케이빌라트),37.5922473334639,126.964034487443
힐스테이트창경궁,37.5753171996632,127.004674395734
엘리시아,37.6096871387295,126.975919729895
롯데미도파광화문빌딩,37.5713383634284,126.973705262923
롯데캐슬천지인,37.5738517068991,127.016177810477
신문로맨션,37.5713508933218,126.972934723706
혜화훼미리,37.5881837465918,127.001066673
벽산블루밍평창힐스,37.6082143705206,126.973755821661
밀레니엄,37.6070004694426,126.967600127567
경희궁의아침4단지,37.5726207759088,126.972245219787
경희궁의아침3단지,37.573660668544,126.972093823848
롯데캐슬로잔,37.6099791717614,126.977399664316
남산트라팰리스,37.5538334378845,126.975790250995
장충레지던스,37.559494681597,127.007258086888
청구드림,37.561044379755,127.015749929916
란스미어,37.5601165654821,127.011578357047
남산FORESTHOUSE,37.5491436025733,127.004825079267
황학동코아루,37.566708034837,127.022477348128
진양상가,37.562402711937,126.995939188779
삼풍,37.5562258738598,126.98252007976
프라임1,37.5488702757504,127.006001621664
남산정은스카이,37.5494498739986,127.007787174305
하이,37.5639596860601,127.017378274867
쌍용남산플래티넘,37.5594031619007,126.983218672682
서울역한라비발디센트럴,37.5550897722338,126.965563662247
브라운스톤서울,37.5606358272505,126.968341179709
덕수궁롯데캐슬,37.5635913526827,126.97037127234
도현블랑빌,37.5480424320662,127.00611980975
미주B,37.5200740016953,126.969441335164
뉴후암,37.5512636713244,126.975211553869
태원팰리스,37.5424968602375,126.964300661846
형우베스트빌3차,37.5345512509341,127.010750957657
이안용산프리미어,37.5386874768496,126.970318445052
베르체,37.5426325782396,126.963506256197
명남아띠팰리스,37.5492101060733,126.978868899876
PRIMAVERAVILL,37.5228212286831,126.998496015642
아인하우스,37.5418553659449,126.963183696919
트윈빌비동,37.5342584145129,127.010872655692
용산시티파크(1단지),37.5251113403049,126.969145035914
파르크한남,37.5314451625387,127.011467348354
철우,37.5235496234232,126.969108800283
신주에지앙,37.5494338815745,126.980242085051
이안용산1차(103동),37.5378847050012,126.970395589933
이안용산1차(102동),37.5380669235673,126.969827066954
서울숲한양현대,37.5455115738395,127.047989091289
청계대주파크빌,37.5674713084173,127.031386204827
YM프라젠,37.5613197994654,127.058676387507
강변청구3,37.5353810387593,127.053956889626
무학현대,37.5611862139671,127.027854212704
덕현해밀,37.5646311457744,127.053149788091
서울숲해오름(717-0),37.5479398476712,127.049536440857
갤러리아포레,37.5457843454815,127.042476851287
강변동양,37.5376921057983,127.046314602996
히페리온리버팰리스,37.5487159907398,127.063427393682
서울숲대림,37.5420589174559,127.04532053837
금호자이2차,37.5503795490386,127.021916573855
롯데캐슬파크,37.5460483051776,127.05595844119
흥화빌라트,37.5464751222565,127.109258026428
강변현대하이엘,37.534151371835,127.09221581351
웰빙,37.5620822524853,127.085486843741
광진We’vePark,37.5484379045958,127.071086917603
두리,37.5574540546161,127.084047724818
동우아파트,37.5524811588351,127.092969690197
광진스위트엠아파트,37.5458336997714,127.074526056376
현대13차폴라트리움,37.539418435938,127.094611329543
세림리오빌,37.5393049079531,127.091990996614
자양동현대,37.5281164204926,127.082406512435
로얄동아,37.5282016302996,127.081403123975
현대팰리스,37.5432620368722,127.08865462063
구의동현진에버빌,37.5427354148426,127.092744631057
한영해시안,37.5397274158194,127.063308892316
강변에스케이뷰,37.5386707378926,127.090182113114
대보아파트(798-3),37.5368707420832,127.078004385396
상록타워아파트,37.5423571152711,127.100947566847
아크로리버,37.5360517267301,127.092835806633
아차산한라아파트,37.5540171153721,127.09707993751
전농동하우스토리,37.5771729640998,127.058555015309
(아이엔에스새터),37.5645003935628,127.06256266883
공감대(440-12),37.5627366815273,127.071621036391
형인허브빌101동(417-3),37.5631781774466,127.064578407255
정암(363-11),37.5674601536132,127.069356408515
정은스카이빌201동,37.5678751887241,127.070662238255
비젼아파트101동,37.5627075395344,127.070640266379
이문2차푸르지오,37.6043234599775,127.07042785142
우성3차(562),37.5650914448661,127.069493886305
신일해피트리2차(567),37.5637319115479,127.063783188555
장안트윈B동,37.5736383254457,127.0712427436
르메이에르7차(313-8),37.578143699432,127.072798547222
형인허브빌아파트301동,37.5649459435623,127.071141877313
이문동웰츠타워,37.5984785520783,127.061915413884
르메이에르1차(344-1),37.5712482140011,127.072202303825
휘경동일하이빌,37.5823446326166,127.073299760443
620-47(롯데캐슬L-65),37.5788571390771,127.045136566595
현대홈타운2차,37.5685273372694,127.07154655304
신부파스카(313-7),37.5777179988599,127.072767566873
경동미주,37.5791794440151,127.035594125987
장한평월드메르디앙,37.5635605140704,127.070638015754
은하수드림필,37.5630402322628,127.069041278972
신일해피트리아파트101동,37.5654164750873,127.062828861793
우창프라자,37.5664757976441,127.053850726268
방원예뜨랑,37.5805976175538,127.071963511775
일성트루엘,37.5652943577914,127.065377531925
청량리역한양수자인그라시엘,37.6174453748348,126.893514970399
우성5차에비뉴,37.5650037519619,127.067677480322
서광아침의빛,37.5645197126731,127.072572382785
회기아파트(347-7),37.5906512208502,127.055510152601
신부파스카(563),37.5655179693251,127.069963449153
천강(332-6),37.5723114889674,127.075919195708
청계천대성스카이렉스2,37.5703397413816,127.029907259076
동일스카이씨티,37.589506350743,127.053910340334
금강아미움,37.5717796908307,127.067673649867
회기힐스테이트,37.590046068613,127.053661066923
동대문더퍼스트데시앙,37.5748683003768,127.070597527798
은하수드림빌,37.5807799192093,127.071319173202
정은스카이빌101동,37.5769162415789,127.073867939663
답십리한화,37.5669329066906,127.053973867265
휘경제이스카이아파트,37.5890829156144,127.0576570784
동양2차,37.5923134152138,127.066893180891
경남하이빌,37.5804383848296,127.07021322729
리치빌,37.6112271499659,127.078776138347
동일스카이시티102동,37.6017337226035,127.089596953038
효산센터빌,37.6077860079865,127.077679848035
태능에셈빌,37.5992798892602,127.077484271471
현대휴앤미,37.6031458746534,127.084674730351
동성네스트빌,37.5893805389973,127.077859538043
포인트아파트비동,37.5894598938076,127.081757384823
한울네세창,37.5984170305006,127.106277064008
세모,37.5926984475024,127.087619999109
현대휴앤미(102동),37.6031130112872,127.084391352869
정우아파트,37.5995503424314,127.087933102562
SM해그린,37.6132622675986,127.080167090098
금강산아파트,37.5920359056725,127.074282238748
금호어울림(580-1),37.6010542476791,127.110187336867
예성그린캐슬2차,37.5971934845523,127.102612235938
묵동자이(1단지),37.6148560082174,127.077906819525
월등스카이뷰,37.6141897486016,127.077050994091
미영리치타운,37.5950156902891,127.077877524896
동진노블클래스,37.5780587521201,127.085288086953
한일써너스빌리젠시1단지(101동),37.5973351400052,127.093477736804
문수해오름,37.5984814401257,127.096317153374
백림금호,37.5998940651894,127.107821388666
용마산금호어울림,37.5774275202186,127.091421465659
신내역힐데스하임참좋은아파트,37.6096322086455,127.105856760764
월드크라운,37.6088143884186,127.096824604357
동일스카이시티101동,37.6019864306232,127.089622962442
면목삼호101,37.5764203108934,127.088449167558
백운아파트,37.5947584409906,127.092849355096
쌍용더플래티넘용마산,37.5724959931949,127.085315476234
원당,37.6072232963871,127.097850301187
새한,37.6051905864565,127.101463214375
한양수자인사가정파크,37.5794901864405,127.094032791992
정은스카이빌,37.6180722801702,127.082007198802
늘푸른동아,37.5728763501551,127.080633631046
진로아파트,37.6140924325305,127.093292571921
다우훼밀리,37.6003850259687,127.096239885415
샤인힐,37.5967665167508,127.012991102956
풍산쉐르빌(815-1),37.6186774077418,126.999866682232
코아루센타시아,37.5930327773352,127.019165692086
보문하우스토리,37.5841413862939,127.020967748216
대성유니드(641-0),37.5973189457117,127.020925811003
정릉힐스테이트,37.6028250097742,127.015555006077
라온유,37.6032122301232,127.018248295413
정릉스카이쌍용아파트,37.5995593887366,127.016729758853
동일하이빌뉴시티,37.605051194495,127.030996105009
아이파크종암동2차,37.5968551400627,127.031722511149
청기와,37.5886948079196,127.01447451526
샹그레빌아파트,37.5964358866582,127.041393315971
중앙하이츠빌2단지,37.6037394590557,127.010309279898
정릉힐스테이트1차,37.6001891568565,127.017519416786
돈암동해피트리,37.597995429021,127.011645485702
피오레,37.6171972611388,127.00090319015
트라움하임,37.5955725469059,127.017663274029
성북힐스테이트(101동),37.6065445649621,127.030381206983
안암동삼성래미안,37.5893064316483,127.023748974341
센트럴힐,37.5967817181294,127.03395741749
돈암현대아파트,37.6032350599381,127.026198036694
청솔(269-25),37.646934977258,127.018174116348
장원(101),37.6245277312563,127.037646246097
수유벽산2차,37.6434341578327,127.017888750262
경원북한산휴그린,37.6460535979792,127.017826264401
젬스톤타운,37.6175157209994,127.033404698783
수유역두산위브1,37.6358377607602,127.03201596996
은석,37.6489399918793,127.015232605636
번동한양아파트,37.6267143060941,127.041240405765
수유역두산위브2,37.6356702917373,127.030911839139
형인휴아름,37.6383942201348,127.022192792632
수유삼호,37.6316903733062,127.023458274882
오동공원현대,37.6315060777268,127.035528776935
센트로힐,37.634699803905,127.036115344821
다인플레움,37.6586517021776,127.011938164744
도봉파크빌3,37.6876330896878,127.048658044037
이에스에이아파트3,37.6665592478836,127.044882127345
북한산한신휴플러스,37.6558003021092,127.042854036995
황지,37.6501793937443,127.036540979123
성원팰리스,37.6470757996143,127.03212719335
창동역블루핀2동,37.6603720696484,127.049941415646
DK포시즌,37.6424106463897,127.041234691696
한양수자인,37.674550924771,127.047676582579
신일라이프(B동),37.6511200952129,127.025661515372
신원에벤에셀,37.657368090442,127.028238361724
신동아아파트5,37.6634040552475,127.028533511046
창동한승미메이드,37.6329124775143,127.042712078629
파라다이스빌,37.6560734842369,127.02741081892
이에스에이아파트1,37.6686272019433,127.045525245345
새로움아파트,37.6572009365265,127.040392346116
그린스테이트,37.651008639581,127.028801524773
삼보,37.6533677294364,127.02187292111
피스플하우스,37.6562079642853,127.036522854679
동부센트레빌아파트,37.6633180819517,127.039531579839
e편한세상,37.6497971759976,127.027292929292
창동현대4차,37.658956130778,127.046300185008
도봉산리베니움,37.6856420049315,127.043139662808
이에스에이아파트2,37.6663850778413,127.045614095751
초안산신도브래뉴,37.6334329434769,127.04255535448
동양크레오아파트,37.6643336090575,127.030293219915
우암쎈스뷰아파트,37.6637734556532,127.045715521487
백조,37.6460347946701,127.026343935522
성원하이츠A동,37.6575747203012,127.038883697083
창동한신휴플러스(621-69),37.645665566891,127.035022338758
신동아타워아파트,37.6622481099352,127.028848254054
창동3차현대,37.6601328076645,127.046083204845
방학동삼성래미안1,37.6669775389205,127.047276059135
창동신도브래뉴1차,37.6561948591986,127.045221985792
효성하이타운아파트,37.6610445435325,127.033100853351
신동아아파트3,37.6603784146842,127.023012949031
쌍문동LG트윈빌2,37.6587004128449,127.035433048646
한신APT,37.6390073330476,127.04104643223
극동의푸른별1차,37.6450196152645,127.081845436388
현대4차,37.6731076450664,127.050702832465
광덕파크빌아파트,37.6225426458045,127.077434214706
초안산쌍용스윗닷홈,37.6305824413885,127.044410845954
씨엠아파트,37.6227688224453,127.07329808795
우림루미아트201동,37.6746150401556,127.057085920498
상계우방유쉘,37.6719775519059,127.05681832076
중계스타클래스,37.6588550742898,127.077350763596
녹천역두산위브아파트,37.6406037217621,127.052769690439
건영장미아파트,37.6291371037778,127.075414954062
하늘공원(101동),37.6252618833567,127.080311492431
노원IPARK,37.6597839375192,127.069159557523
상계대림e편한세상,37.6748157140036,127.050930136747
동도센트리움(601),37.6582723331521,127.073380575983
중계3벽산,37.6542913240526,127.073557408671
정진아트리움,37.662033497416,127.075494801587
상계1차현대아파트,37.672725166933,127.052784607479
양지마을(대림)1,37.6511844264436,127.070523641827
삼익2차아파트,37.6259574192854,127.080613565961
화랑해링턴플레이스아파트,37.6238708270864,127.081134878842
청암3단지(582),37.6604756878405,127.079089720154
효성아파트,37.6206662696947,127.08867090156
수락리버시티3단지,37.6875055926607,127.05425340701
비콘드림힐2,37.6768022848237,127.057952740123
수락파크빌,37.679290522778,127.057018425406
삼익선경,37.6390650104838,127.077028750266
청암1단지,37.6657817475626,127.079487735282
롯데(505),37.6387855630708,127.062487927133
수락산벨리체,37.6816047113036,127.056591337879
상계현대3차,37.6715473265812,127.05296241189
한신3차,37.66622169337,127.067489665682
성북역신도브래뉴,37.6232025554202,127.058997534912
중계센트럴파크,37.6431156549138,127.059603718686
공릉우성아파트,37.6285645918387,127.072728296047
보람노블레스아파트,37.6216998227718,127.076943771621
주완위즈빌,37.6235462747467,127.07876614124
수락현대,37.6752765325711,127.060003280733
미라보(성림),37.672113569737,127.081331103234
건양노블레스빌,37.6172053178639,127.066444397558
공릉해링턴플레이스,37.627737624921,127.086908237543
청솔아파트9,37.6214491190448,127.085148465261
중앙하이츠아쿠아,37.6450029451238,127.067782742756
한신4차,37.6729844852423,127.05920275961
현대(3차),37.6504652482761,127.081715544764
서강아파트,37.6238725179704,126.931167340128
디케이,37.6061438814851,126.914648599557
디딤빌아파트,37.6067425555287,126.910825807583
명진,37.5911091863024,126.91880309785
새천년3차드림,37.6120719571594,126.914175650667
예승빌라트,37.61048520532,126.910153464534
자선메르시안(101),37.5822298027046,126.907175829848
은평신사두산위브2차,37.5987658814918,126.907166727673
상림마을7단지아이파크(730~742동)BL1-14,37.6424032153905,126.931075917531
상림마을6단지푸르지오(606~614동)BL1-7,37.6489648175447,126.931865892719
마고정3단지센트레빌(301~309동)BL2-11,37.6320493391686,126.925973863366
극동메트로타워,37.6196345309336,126.921478232582
송학,37.6084774174945,126.912035550188
에버그린,37.603820664216,126.917028072962
자선메르시안(162-21),37.5867793894855,126.911067804581
신우아파트,37.6138278357976,126.932694760271
두성,37.6049881455562,126.917125868537
두성아파트,37.6047348770644,126.905833856427
월드메르시안(179-9),37.5797876306249,126.904540499243
신아굿모닝(64-15),37.6037967086756,126.913405909205
아름(526-2),37.6152144525199,126.910572853861
금강포란재(101),37.6135791132249,126.905316993344
DMC자이1단지,37.5795941415816,126.898649192226
동익파크1동(355-95),37.6145898381894,126.906783485647
박석고개1단지힐스테이트(112~115동)BL2-13,37.6306462940032,126.921332402925
명남뉴,37.6014730072851,126.915578451899
대암아파트,37.6181304501475,126.931503264068
DMC문영퀸즈파크아파트,37.5876532934276,126.907820235332
반도하우드,37.6211275480702,126.913477222604
명남더블레스(39-19),37.5944583657773,126.911309703194
은평뉴타운 제각말 푸르지오(5-2단지),37.6381686141123,126.936416651273
자선메르시안(162-18),37.5864199722439,126.910694831966
만민하늘愛,37.6074832853719,126.922884688887
삼성타운,37.609031353119,126.9217710449
다원그린,37.5940227899892,126.91186233799
부흥아파트(33-10),37.5950233536078,126.913094494283
삼익(217-9),37.6202762504113,126.931828083835
솔빛,37.60652924032,126.913296625681
상림마을7단지아이파크(713~718동)BL1-11,37.6441911788633,126.926967082978
상림마을7단지아이파크(709~712동)BL1-10,37.644833690056,126.927730495248
상림마을8단지롯데캐슬(810~820동)BL1-1,37.6444412427595,126.922786444814
우물골2단지두산위브(245~255동)BL2-6,37.6352331401596,126.924112226405
우공아트빌,37.6088720150094,126.910312148944
신사동한신휴플러스,37.5989642121392,126.906169863044
미랜드,37.6013596178473,126.918462082469
정은노블스,37.6174190134165,126.920553017457
청운퀸즈,37.601604450571,126.915562789051
DMC월드,37.5862818148423,126.911485385772
상림마을8단지롯데캐슬(801~809동)BL1-2,37.6452288057488,126.924900323142
아그네스풍림아이원,37.6029735422823,126.918957128078
은혜스카이빌아파트,37.6184585120937,126.93136930595
신현,37.5911580593299,126.913284795138
모아(365-35),37.5914419640029,126.918732308616
북한산대창센시티,37.6252249174966,126.929368581204
상림마을7단지아이파크(719~729동)BL1-13,37.6420380991311,126.929337256328
부호(103동),37.6040993976444,126.912735022909
신성,37.5898530826788,126.90511245446
뉴월드(240-63),37.5923840916925,126.920929290173
하늘애,37.6005247432004,126.918437627499
역촌,37.6100514016247,126.917720734027
e편한세상백련산,37.5955669839631,126.923882803525
신사성원,37.6004445878031,126.913301309199
은평뉴타운 제각말 푸르지오(5-4단지),37.6362276825971,126.933104177994
경원파발리안,37.6008055786079,126.927253324221
동익파크2동(355-98),37.6150019079499,126.90718709549
천지로얄,37.6138148239687,126.910173130426
온세,37.6079958215228,126.911891719912
구암,37.5915000500929,126.913127238022
인우(281-236),37.6247385557006,126.9116957009
하이펠리스,37.5597701692567,126.927524126157
홍은드림아파트,37.5824934914338,126.935525825003
서강2차(2동),37.5954470125951,126.934460556131
베벌리힐즈,37.5822498397398,126.9274157311
충우하이빌,37.5678929769233,126.934725805214
한울뉴타운,37.5771319294204,126.909312245059
선명(101동),37.5742456638307,126.927683638177
충림예하임,37.5626715369651,126.962774481303
파크빌,37.576016808018,126.930024691698
부림,37.5795062291669,126.929656324761
예스에이피엠,37.5576412309944,126.944922346024
조은2차,37.5634123712897,126.955579709149
서강1차(1동),37.5945551058077,126.934595292455
우민B,37.5644307079268,126.95737368342
경남(2차),37.5614799411769,126.957614405989
진흥,37.5797835131076,126.932516884721
마체스터,37.5963609026581,126.949945811498
신원지벤스타6,37.5799785377195,126.929669126032
성원쌍떼빌팰리스,37.5758239882078,126.938076065943
인왕드림빌,37.584452234246,126.94810483535
무악재한화,37.5821614180567,126.9496754552
북아현맨션,37.5610581681691,126.958841196498
센타폴리스,37.559569339903,126.928266439124
동도하이츠에이동,37.5842795793182,126.914847809444
제니스뷰아파트,37.5877063487661,126.948513119801
경일,37.5830797861947,126.94253933815
세한숲속마을,37.5964191429827,126.936867993244
풍림1차,37.5946679785,126.942146456823
북아현2차,37.5644439019221,126.952743423809
우국한마음,37.5787844128989,126.934456824228
경남102동,37.5612090697764,126.957027936794
DMC서부인터빌,37.5832545070894,126.91309991219
청구1차,37.5819153538654,126.95204947944
DMC한양,37.575893797905,126.90909696044
반석블레스포레,37.5682072877756,126.960110567225
한강2차대주피오레,37.5550029517532,126.898485811237
그레이스3차,37.5470476694049,126.912425880302
마포한강2차푸르지오,37.5510531812588,126.911865545526
골든빌(210-10),37.5612241008805,126.916595102204
광남캐스빌D,37.5609097832332,126.900266519203
광남캐스빌,37.5609543346981,126.90313086089
엘지(214-15),37.562428062909,126.90793349523
마포한강푸르지오,37.5499951139537,126.912194517463
kcc웰츠,37.5428410149659,126.952463879815
동양엔파트,37.5477172600406,126.940607778703
태경크레앙스(102동),37.5541743494452,126.900657336086
리버아인,37.5490184883087,126.908938248804
강변타운,37.5538829788617,126.899818447099
광남캐스빌A,37.5609690319574,126.899903579805
광남벨라스2차,37.5561662835695,126.915104573906
서강오벨리스크스위트,37.5465344912557,126.9317231782
대우월드마크마포,37.5424449362081,126.953369360825
해피존,37.5595094424286,126.910126090564
노아아크빌,37.5619429474863,126.903619550736
삼환나띠르빌,37.5512582784547,126.954398330228
벨로스,37.5593206780508,126.909059829875
참존1차(419-3),37.5563449954478,126.899126256981
상수동월드메르디앙,37.5447218794604,126.923242913131
예지안파크뷰,37.5595958276262,126.896666669782
밤섬예가클래식,37.5421232373534,126.935806939587
한국프라우드,37.5488176019217,126.908518883684
KCC엠파이어리버,37.54830521913,126.912097143068
DMC마포청구아파트,37.5740531394105,126.901873208452
대흥동세양,37.5444481595589,126.944868912049
함성월드빌,37.5604198035029,126.90482960505
상암월드컵파크6단지,37.5798183170436,126.884254666215
벽산솔렌스힐,37.5494230649757,126.936017162939
신촌태영데시앙,37.5533866511831,126.931064388029
고려,37.5407679846928,126.94594655786
예림아너스,37.5622249169394,126.916579838576
펜트라우스,37.5433912735909,126.954104279714
상암월드컵파크10단지,37.5854508203348,126.882105659288
세양청마루2차주상복합,37.5082581412744,126.864549210073
오투힐,37.5190816021613,126.839570318227
인우,37.534659314458,126.868866148247
청우,37.528820774615,126.859797896343
세아쎄닛빌,37.5182338958521,126.839472137639
당곡,37.5176563351209,126.839724153362
청정,37.5201933164242,126.845424272503
동도(729-5),37.5378138486411,126.865065460227
수명산태승훼미리,37.541316876194,126.830994543755
청송그린힐,37.5165993927431,126.837041753178
두원빌드피아(444-7),37.5226540521462,126.842431146598
한우리(101동),37.5261503566772,126.846096751572
주함헤븐103동,37.5300516885684,126.829622636031
예건미예뜰1동,37.523793955217,126.847058293914
동림,37.5212129509126,126.860299347453
중흥,37.526490626738,126.843802917734
정은스카이빌(1044),37.5204884978885,126.839688910487
강산빌라트,37.5370216138867,126.871458925601
동도빌라트,37.530279450928,126.865097701486
태형,37.5327676653749,126.832521187293
스카이빌아파트,37.5342356394865,126.86925021254
중앙하이츠목동펠리시티,37.5254303771654,126.861307372056
목동효성,37.5439764953607,126.87633124868
훼미리주상복합,37.5347436477508,126.828378828506
청원,37.5266182648665,126.858728983249
뉴목동,37.5161794102017,126.855065108148
목동금호베스트빌,37.544995571746,126.86837300995
코아루2단지,37.5315874181946,126.828608714693
목동두산위브,37.5433501707598,126.869675374751
삼백훼미리,37.5268229605007,126.855664018405
힐탑이루미,37.5276436075077,126.8502486547
정은스카이빌(959),37.5434555927215,126.875525991764
대영월드(B동),37.5390267439546,126.83019681167
길훈엔트런스빌,37.5315747668287,126.83555287572
주함헤븐105동,37.5302552429753,126.829697860442
수명산SKVIEW,37.5440526286777,126.829338214187
진도2,37.5256633242838,126.873794491883
신정두산위브,37.5189928802422,126.845676287504
신정6현대,37.5081291196913,126.84158898885
목동휘버스,37.5244394014215,126.864207166023
코아루1단지,37.5317252519133,126.829591563073
장수마을2단지동원데쟈뷰,37.5223085331443,126.845856564242
세종그랑시아,37.5385605252314,126.864060041611
엘리온,37.531381132542,126.866310807646
이펜하우스1단지,37.5148264227271,126.826985099887
주함헤븐106동,37.5302717858592,126.829923301243
금하뜨라네,37.5341201228579,126.823828482294
보아스청와,37.5241318019777,126.83864001718
현대파크빌(907-23),37.5358655250957,126.88027265375
근상아트프리즘,37.5374334008489,126.826835236474
동일하이빌2단지,37.5107833089061,126.84019342287
상진,37.5277175416247,126.858549293952
부영2,37.5363537343598,126.881122266784
신트리3,37.5118997336939,126.852950017333
신한이모르젠,37.549027015635,126.864485202727
이펜하우스3단지,37.5125188976473,126.830802405083
파인빌,37.5206899854682,126.875418346765
대주파크빌,37.5142784223721,126.842497621202
부영3,37.5367309934181,126.882211593738
양천벽산블루밍2단지,37.525027565104,126.838828820465
동원,37.5448275610448,126.863943992183
신도브래뉴2차,37.5421004597471,126.827927119403
신성미소지움3차아파트,37.5229198740895,126.841776956537
신월2차미소지움,37.5216230033302,126.845268947561
한신빌라트1,37.5397949075248,126.88227613487
신안약수,37.5167049193055,126.847584380574
신도신월1차,37.5180484528284,126.846439281936
송촌,37.5494942680921,126.872823545766
등촌동성원,37.5590293774656,126.843050288041
원다벨라빌,37.5536085796559,126.840597935799
양진마니아,37.5718089489682,126.818615837667
낙원연립재건축조합아파트,37.5510104995572,126.834918887847
마곡엠밸리1단지,37.5681771207777,126.818609024282
탑건화곡동진선미,37.5299992613461,126.861381727459
등마루,37.5507138361138,126.861280226632
심미에셈빌,37.5538688660513,126.863840755019
천우네오젠(693),37.5514793830851,126.830596449698
청솔샤르망1004동,37.5533926883619,126.839524524189
청솔해오름,37.5565095775898,126.843674186852
화곡3차보람,37.5368176662892,126.857815558701
신원2차(24-130),37.5458357833768,126.845700293217
올림푸스,37.5542641910952,126.848362704591
청솔숲속마을102동,37.5519375780382,126.839856397012
우성(343-75),37.5308485816949,126.846062774269
형제,37.5659516762396,126.807963327022
등촌파밀리에더클래식201동,37.5549573817761,126.858119374355
내발산우신웨스트빌,37.5534505383876,126.837945675536
리버펠리스4동,37.5504709196995,126.876961942655
롯데1차,37.5541245097483,126.841080078124
보람,37.5746440462561,126.812182016823
보광드림타운,37.5604883080818,126.85832664704
마곡엠밸리10단지,37.5592884593333,126.81932504091
강나루2현대,37.5612004432942,126.85578640067
보람더하임105동,37.5509348556412,126.871227487929
우영,37.5298389090107,126.859724829043
삼성한아름,37.5500695849946,126.871602195238
마곡금호어울림,37.5745942801032,126.837612448089
강서센트레빌3차,37.5718664207178,126.816161904142
화곡보람,37.5540389922246,126.854635331277
등촌6차보람,37.5541077404634,126.86207258551
우성(343-39),37.5310000178025,126.846045832003
상진지오벨리,37.5349940185204,126.859678741937
제이월드,37.5427519726769,126.835644198506
홍익아파트,37.5733419990387,126.80830104587
마곡승윤노블리안아파트,37.5713604871978,126.81765599351
신세계4차,37.5549253347734,126.839429228525
강서뉴타워,37.5391059418184,126.835415155454
우장산에스케이뷰,37.5481776604121,126.843036379253
그랜드아이파크,37.5548546834697,126.851250232655
신도금잔디,37.529361876651,126.855799412296
성재,37.5299780570605,126.839845885211
이너스내안에201동,37.5540619479456,126.870404219284
염창1차보람더하임,37.5516285043884,126.870295152244
개화산경남아너스빌,37.5718931011357,126.808517006052
극동상록수,37.5489294807352,126.872117460239
마곡수명산파크6단지,37.5503706507753,126.825729445463
정원,37.5309364202804,126.839160040892
타워힐101동,37.5551351741415,126.843249038454
타워빌,37.547228901124,126.834646136195
강서쌍용예가,37.5554016793389,126.866556386664
천우네오젠5차,37.5548123316097,126.840013213625
성광,37.5312552388534,126.846020983026
방신서광,37.5720215579008,126.81068023575
정우아파트(570-11),37.5376431232619,126.86119073127
강서그랜드아이파크주상복합,37.5542842133272,126.850925658956
우장산롯데,37.552461665687,126.846487416103
태흥그랑뷰,37.5324604591031,126.844745583939
마곡보타닉경남아너스빌,37.5723114753777,126.818701895134
마곡엠밸리6단지,37.565321846623,126.820481062137
천우네오젠6차,37.5543217701286,126.838909708091
청성(877-0),37.5663695039625,126.812073305021
대동황토방2,37.5551770674789,126.862401758505
가양우성,37.5622291386486,126.854195547538
푸른숲2차(474-18),37.5375247353266,126.855632644785
방화동2차태승훼미리,37.5690826437317,126.807915105075
보람(640),37.5579898372935,126.854030081422
천우네오젠,37.5542454102678,126.861839198586
강변한솔솔파크,37.5566842439508,126.866552401948
태진드림피아,37.5525770268127,126.870826873683
마곡엠밸리2단지,37.5693769643388,126.820606823603
우장산태승훼미리,37.5541713421327,126.840397668813
염창3차보람,37.5528773294775,126.873826815673
마곡나루경남아파트,37.5680972870618,126.822338113508
내츄럴아파트3차,37.5522385998887,126.832009449196
우장산휴먼빌,37.5476075150894,126.843788400633
양용아네스,37.5364341036552,126.857660147509
한사랑2삼성,37.554612829484,126.864162394395
삼현팰리채,37.5505356760612,126.873695190425
방화3차우림필유,37.5682727499685,126.808198355281
화곡동성재,37.5275121042157,126.84326828011
마곡엠벨리(14단지),37.5568364485914,126.824616701317
마곡수명산파크1단지,37.554378050436,126.830206010388
한백아파트,37.5298199838492,126.842700493851
우장산한화꿈에그린,37.5540084096723,126.847392667674
삼성하나로,37.5516297228771,126.871906542332
유림노르웨이숲(919-1),37.5301648129326,126.843935091187
마곡엠밸리7단지,37.5648812125749,126.823376663134
길성그랑프리텔,37.5523011467784,126.845068499251
태창네스트힐,37.5376919626751,126.850991848148
염창힐스테이트,37.551385614756,126.873552523552
등촌동보람쉬움아파트,37.5564274064151,126.857486090743
방화동동부센트레빌(875번지),37.574703238848,126.814976041476
태승훼미리2,37.5536762585056,126.832028969476
"""월드메르디앙201동",37.5746050093498,126.810195416508
희훈타워빌,37.5019938582138,126.888845797315
한백고은,37.4963520741754,126.839777158032
현대로얄,37.4863679237264,126.877325059471
대산,37.4894865027017,126.832887546313
동보수목원(16-36),37.4855718547383,126.820867894574
한효,37.5015134393656,126.861321540533
우성에비뉴,37.4823791893915,126.898328058794
하이리빙,37.5061129512048,126.859468279007
강남그린,37.4971846604984,126.831086473768
예원아파트,37.5032363970964,126.891617370429
미래하이츠,37.4791210900611,126.893963682082
오류동휘버스,37.4977546294044,126.84591021456
대림e-편한세상6,37.5056826985762,126.8828227159
유한수목원,37.4883733496462,126.825988226655
진성,37.5070902641957,126.855136970363
다청림(107동),37.4976243410372,126.831457875335
천왕이펜하우스6단지,37.4783811147794,126.841304041942
천왕이펜하우스3단지,37.4825290874428,126.84016859489
동도아르떼빌,37.498445626529,126.891286390239
예주유니츠,37.5065646155269,126.861059985494
케어빌(98-8),37.4954831409599,126.890725044704
우진체리쉬,37.4961273296972,126.891965086918
신도림LG자이,37.5035567212154,126.892127870292
영화참마음,37.4970375214433,126.874207041468
현대홈타운스위트,37.4842666467638,126.820091196301
효성,37.4788964928257,126.895304412251
대림3,37.5068509675721,126.877954767058
마젤란,37.5043033937635,126.86410600678
아스타빌,37.4996138229484,126.890163306273
현대의보아파트,37.4982785005999,126.876105159923
영화아이닉스,37.4828042943059,126.849247127999
리치안풍산,37.4958657705491,126.817575770016
신개봉삼환,37.4966351639805,126.857942099077
우원그린빌,37.5014163184811,126.888850837865
양우,37.5048493581575,126.856599231769
항동제일풍경채포레스트,37.4754939111357,126.816123621092
천왕이펜하우스2단지,37.4847091509638,126.838501308614
한일퍼스트빌(415-37),37.4929259405727,126.882139975896
미래타워,37.4827060921047,126.899930856333
고척LIG리가2차,37.5061640305761,126.862137994282
성삼하이츠,37.4956348340034,126.892551679319
보광,37.495322650409,126.886029866482
대림역대성스카이렉스,37.4994367824856,126.890949079827
구로에스케이뷰,37.5025479563558,126.882948285714
오류동푸르지오,37.4916084758634,126.841527883195
새솔금호,37.4999944583683,126.890314741102
순영웰라이빌2차,37.4962379637124,126.891463174302
신도림팰러티움,37.5039563124013,126.881857090192
동도센트리움(70-12),37.498257815508,126.846721709913
금강(343),37.4882786172515,126.832381753098
서초파레스,37.4705457449469,126.899547680668
장미아파트A동,37.4768051853863,126.906621157405
이랜드해가든,37.461012860734,126.893069638924
한아프라임102동,37.4752120394614,126.896068358533
호정타워,37.4611676510962,126.900279217997
드림캐슬2차,37.4731435458287,126.891310725427
세심아파트,37.4710504000703,126.906348301875
청광플러스원,37.4712461478703,126.894132393752
보르미아파트(948-9),37.4412151427899,126.906766423754
SM엘루이,37.4459375019143,126.902367711025
세진(1037-31),37.465485056215,126.901928693033
정심아파트,37.4707548636939,126.906455724684
유승셀르빌,37.4623823056138,126.91281295372
상진지오벨리A,37.468518072931,126.900997107166
한빛무궁화101동,37.4603497473154,126.907870031856
시흥베르빌,37.4575358863909,126.897580242085
독산동한양수자인,37.4759170971238,126.899314724455
현대(209),37.4540034379335,126.910648961274
동도하이츠,37.5161050142172,126.912753885131
여의,37.5147050629875,126.924570266199
포레나 신길,37.502963391709,126.909607748113
대교,37.5221520969759,126.933684558017
유원제일,37.5298846497326,126.896132268182
당산롯데캐슬프레스티지,37.5286609363432,126.902942298813
동훈노보빌,37.4995040835855,126.919068972523
브라운스톤영등포,37.5242567260456,126.911274883943
당산금호어울림,37.5284487829851,126.901242531417
도림청구,37.5091665664743,126.895343471061
화랑,37.5221528640161,126.935558553457
대우트럼프월드II,37.51742468713,126.927065240738
신미,37.5013715554038,126.907244581408
문래금호어울림,37.519074190752,126.897615078392
여의도자이,37.5181723412696,126.926053586291
선원가와인,37.5111808590706,126.910599170661
국화맨션,37.5163766907311,126.892756094025
보라매두산위브,37.497262622131,126.914425840731
수정,37.5231044207595,126.930795195012
삼부,37.5249360133869,126.932097633851
유원제일2차,37.5330576470523,126.898553578207
서울,37.5269135314362,126.931161838364
숭실골드,37.4963055236447,126.952376463075
오크밸리,37.5075742823137,126.952079201101
중앙궁전빌라트,37.5082524453828,126.9589560515
은성,37.507263336622,126.941462197456
(99-1),37.5138337035589,126.929080970619
동문아트빌,37.4831000843788,126.967523568626
상도팰리스,37.5035219526724,126.953970589564
대영테크빌,37.5019212503173,126.952216376483
대창센시티,37.4869196887028,126.968370617854
공감지음포레뷰아파트,37.4831205098499,126.967098777696
삼환나우빌(520-0),37.4982647180084,126.956465462425
갑을명가,37.4824711263461,126.966364603949
해맑은,37.4775535161435,126.972294775051
극동강변,37.5115251308272,126.95193992896
비전,37.5117543393136,126.933526925187
대우유로카운티,37.5054524889319,126.949235355135
형인한강,37.5077338671126,126.948274032852
보라매아카데미타워,37.4913316020645,126.924104833984
정호힐사이드,37.4993586732443,126.953050228785
대방2차e-편한세상,37.5120625386823,126.930954354311
펭귄,37.4961562713121,126.922650330555
사당롯데캐슬2차,37.4901933009791,126.971479473877
오림센트빌,37.4773748541046,126.973508944186
신대방경남,37.4894876099441,126.908593434869
경남아너스빌2차,37.487399031884,126.967729757633
롯데관악타워,37.490782226725,126.923219894058
현대주택조합,37.4883223021717,126.969452351771
사당자이,37.4886969037068,126.962444639513
보람(685-100),37.4928787675848,126.933929029936
웰피아,37.4879663964424,126.924475607786
늘푸른3차,37.4765607248452,126.967142805429
로얄클래스,37.4743036544184,126.952457013915
관악교수,37.4755122244938,126.955584077482
금강아미움(105동),37.4816901842801,126.940450236811
윤정,37.4829679732523,126.909486329086
하이캐슬,37.492337574182,126.945486196561
예촌그린,37.4725797421886,126.972990840563
동훈CDI,37.4847502237736,126.909559594428
아이펠리스,37.4729079254592,126.966132504824
예성2차그린캐슬,37.4735450699404,126.976280806081
예성그린캐슬1차,37.4732483708746,126.976752202374
현대이즈빌,37.4760062348057,126.977967011926
신원메트로빌,37.481735489585,126.951445826851
청암두산위브센티움,37.4826033513701,126.930385514755
에셀비전21,37.4796062178175,126.923646934816
예성그린캐슬III,37.4712100423475,126.973864050301
대우디오슈페리움1단지,37.4796467988893,126.952850691903
흥화브라운빌,37.471210937608,126.973036438531
노블스톤,37.4731369528296,126.973503204822
금강아미움(104동),37.4818032848404,126.940141035067
관악캐스빌,37.4763798666656,126.966729559132
우정하이비전,37.4716461056597,126.929357003298
미래한건(1563-78),37.4742156197726,126.915514462064
신림동이모르젠,37.4860482776091,126.912270205013
새진(1653-10),37.4748038372563,126.97016736682
예성그랑펠리체,37.473197834053,126.97822264929
코스코수,37.4751745207614,126.954621750944
신화아트벨리1차,37.476620349846,126.916437217973
대우디오슈페리움2단지,37.4802678000181,126.953141656992
은천1,37.4713903407759,126.964853955359
관악산대창센시티2차,37.4718153153873,126.972172767367
신림동부센트레빌,37.4731882298145,126.916318606825
벽산타운II,37.4925114527856,126.946040606252
산장그린,37.4753595847167,126.929602562738
팔라시오,37.4743568077266,126.971846577489
남현동한일유앤아이,37.4716970614711,126.97356227143
금강아미움(103동),37.4818269029854,126.940880103894
금강아미움(101동),37.4820450100656,126.94028861497
신성새실마을103동,37.4774135280588,126.953688367042
로마,37.4843947076545,126.935246937652
새진6차,37.4694450979755,126.966223823737
관악월드메르디앙,37.4834486384245,126.9589747116
월드,37.4631575523136,126.919701932657
늘푸른,37.4738129160693,126.924080384108
보라매스카이아파트(1739),37.4876370620473,126.92473283655
관악위버폴리스,37.4827164165708,126.95322956114
금호(1차),37.4651611978444,126.937736894087
신림동쌍용아파트,37.4721459611276,126.911763045766
(1617-21),37.4876091763509,127.020935536705
서초극동스타클래스,37.4878657548009,127.023026523242
서초5차e편한세상,37.4797223864045,127.007279420326
반포에스케이뷰,37.497519425,126.99378830567
롯데캐슬포레스트,37.4917159490777,126.995839100832
삼호가든맨션(5차),37.5039449145147,127.011487795747
방배아크빌,37.491226519264,126.995766532938
방배CJ나인빌1차,37.4863719512747,126.998206950604
한신그린,37.5133614318662,127.007870630856
N-Suite(1513-2),37.4865782974292,127.006495044753
서초화원그랑빌,37.487368895953,127.008485607649
UPPERHOUSE,37.4961072207181,126.992791476291
쏠레뉴,37.501494353202,127.010587661338
선영베스트,37.4907942927284,126.995411951808
SK리더스뷰(파스텔시티),37.4776670632433,126.982230881975
현대맨션,37.4761624410026,127.0015983531
서초쌍용플래티넘,37.4840538398065,127.017337815445
서초태동스위트,37.4937873123565,127.01810324382
네오빌,37.5127631523761,127.024435362754
논현한가람빌라트,37.5187805017392,127.037506973191
쌍용플래티넘,37.512317772077,127.051829796699
타워팰리스3,37.4873363055886,127.052829715042
힐타워,37.5124618505028,127.02312286754
목화,37.5280726571191,127.049858623247
삼성동센트럴아이파크,37.5154203230155,127.051131434251
경남2차,37.4845150908032,127.054173895409
두산위브1단지,37.5135472434716,127.0387752587
강남신동아파밀리에2단지,37.4641692046074,127.102754461114
래미안삼성1차(103-22),37.5171348025177,127.063972792252
개포2차현대아파트(220),37.4814556635509,127.053098618368
청담어퍼하우스,37.5209364627791,127.050461900821
한양4,37.5309077439444,127.036865226776
청담대림이-편한세상,37.5205048036403,127.047836421504
"""현대10차(201",37.5310921175756,127.02507354803
압구정대원칸타빌아파트,37.5274686878192,127.037226006238
강남브리즈힐(토지임대부아파트),37.4726114960743,127.09099181045
도곡1차아이파크,37.4922748332904,127.043511837517
우성4,37.4854426682653,127.049473550969
상지리츠빌카일룸(1009-4),37.5015805244455,127.068102983477
선경2차(8동-12동),37.4921265332679,127.062565123948
아카데미스위트1,37.4886726430993,127.052102242886
아키스,37.5054397723377,127.133176617735
쌍용스윗닷홈2차,37.4926161372875,127.145535704066
노블레스카운티,37.5094277135415,127.13261083194
현대레이크빌1,37.5107193382697,127.106990711098
가락현대투웰브(101동),37.4922127278545,127.13173988294
기영,37.4973275584586,127.152488295965
동부화이트빌(2동),37.4837386943699,127.125419478778
송파파크데일1단지,37.4989573942833,127.159109968729
위례캐스빌,37.503795020598,127.113561504945
프라임레지던스,37.4933265240858,127.13184587235
현대월드빌리지,37.5122259244197,127.124788709575
위례아이파크,37.4761769981712,127.141966372049
자이파인빌(101동),37.483453380793,127.124790136514
주함위너스Ⅰ,37.5135090985659,127.11716972473
신동아예지움,37.5036559625718,127.080469557067
쌍용스윗닷홈(105동),37.4983700057373,127.122461386155
가락미륭아파트,37.4937946759827,127.128586141162
송파파인타운13단지,37.4770932742337,127.12863360586
송파와이즈더샵,37.4763891035863,127.143451849849
현대7,37.4969461596459,127.133589672664
대아(제101상가동),37.5334340791187,127.118213379345
인택스빌,37.5075799994489,127.121053732434
잠실더샵스타파크,37.5169785483722,127.102280367857
한양파크뷰,37.5035084220692,127.115593611568
현대리버빌2지구,37.5321396358538,127.116830825559
한양아파트,37.5056922024259,127.114095713741
현대타워,37.5151554474997,127.102500711247
문정대우푸르지오1차,37.4868780773275,127.128105384944
집앤사비키아파트,37.5275036704203,127.128746364399
명일진로,37.5532422593823,127.154778066661
파크프라자,37.5269261388506,127.134714798864
평대보민아파트,37.5489166169071,127.14257655923
태천,37.5293441815342,127.132059371146
태솔,37.5419213548346,127.142576702485
한솔애리즈601동,37.5344726540348,127.134633220155
한솔애리즈1,37.5301778846462,127.13333621285
스위트빌(435-10),37.5259317992698,127.130129376207
광남아파트101동,37.5289981920334,127.13774314406
노블레스(383-8),37.5390344926139,127.13660658441
우성102동,37.5531866983295,127.142216665187
강일리버파크9단지,37.5600680693929,127.178795220726
SM이로빌아파트,37.5420069220358,127.139507025877
천호2차이룸아파트,37.5422896722469,127.139949756131
KNP,37.5482326155232,127.144400338907
영상라이브센스,37.5553106002837,127.134069524362
한건,37.5528437274999,127.127677035167
예건타워빌,37.5385225052912,127.136874036703
둔촌역아치스톤(101동),37.5297349900749,127.134495052254
율전에버그린아파트,37.5419829826008,127.139025628764
한독,37.5263774180178,127.129324216753
한솔브리즈(199-4),37.5347712404976,127.133446897072
에스엠해그린,37.5453020856097,127.145674389107
유덕휴먼빌,37.5398985664373,127.145786982837
유원아파트,37.5487650960679,127.127838691095
태천해오름아파트,37.5419179319857,127.140546621304
하이존,37.5384673669141,127.146556994457
드림스빌,37.5322856718766,127.12913246582
강변그대가갤럭시,37.5466384954964,127.122632416587
우정에쉐르(102동),37.5379524350015,127.133257161415
천호e-편한세상,37.5443676371512,127.124337813111
고덕삼환아파트,37.5494891843664,127.151840596585
파크뷰캐슬,37.5248990626486,127.127493643605
희훈리치파크1,37.5393849707767,127.139467630329
천호롯데아파트,37.5416061147043,127.13824112267
신동아빌라트,37.5561514966417,127.137132736336
천호엘크루,37.5401629353223,127.124517641553
호암아펙스,37.5285724333059,127.121785224669
한빛골드빌1차,37.5385318230461,127.136374393471
대우한강베네시티,37.5406106651217,127.12492222154
한솔브리즈,37.5248855327111,127.129905150994
태천와이드빌,37.5463687209813,127.131440541135
동구햇살아파트,37.5482355707372,127.140834598535
강동한신휴플러스,37.5361015376915,127.137478439766
고려아파트(D동),37.5500617383389,127.140813590837
고덕리엔파크2단지,37.5595969760082,127.173086679368
경보그레이스힐,37.5311409612954,127.13539791741
에이치비골드빌(102동),37.5382282241591,127.136185337246
강동LG자이,37.537719856801,127.149180076833
명일우성,37.5511541272374,127.151918890555
강변그대가리버뷰,37.5483347041107,127.12333487935
삼성광나루,37.5540369094746,127.127100652964
해가든,37.5325245963892,127.13745309282
힐스테이트 강동 리버뷰,37.5488202709191,127.125370241826
현대(명일),37.5485028339658,127.148819526561
힐데스하임올림픽파크아파트,37.5241120487182,127.132958436192
이연아마빌레(293-8),37.5468108176352,127.133787807747
고덕리엔파크1단지,37.5611806601526,127.171664703784
인왕산2차아이파크,37.5757370932777,126.959608792807
경희궁의아침2단지,37.5739639296009,126.971284886893
디팰리스,37.5686709353326,126.97200207461
광화문스페이스본(106동),37.5735474815128,126.967762692573
동대문맨션,37.5724007081113,127.011019923431
운현신화타워,37.5751033467401,126.989136577815
창신쌍용1,37.5805125839757,127.014014651795
효성쥬얼리시티,37.5714829206881,126.998666645245
광화문스페이스본(101동~105동),37.5744172415207,126.968880867164
경희궁롯데캐슬,37.5738635995353,126.959446568538
SK리더스뷰남산,37.5591275120652,126.980636557364
청계천두산위브더제니스,37.566861653483,127.017110234475
순화동더샵,37.5601777993529,126.972065464999
삼성파크빌,37.5673649858829,127.002768887715
(372-66),37.5522027973711,127.011944703815
LIG서울역리가,37.555868464626,126.967001745344
서울역센트럴자이,37.5537819672024,126.96402989384
청구e편한세상,37.5604485958729,127.016730517193
반도,37.5170232712561,126.982051655168
용암한신,37.5424265810629,126.987878525843
용산파크타워(24-1),37.5233187069721,126.97281622163
브라운스톤남산,37.5513269555659,126.976254594307
아스테리움용산,37.5276308275423,126.968859586066
센트레빌아스테리움서울,37.5516713863735,126.973210049015
나인원한남,37.5362536827062,127.003364799713
신동아1,37.5258603048593,127.001851124058
용산더프라임,37.5402099307352,126.970096406378
금호베스트빌1,37.5228580868465,126.991973730982
임선웰빙아파트,37.5411686301352,126.963786454603
CJ나인파크,37.5360844630167,126.969170724866
이촌코오롱(A),37.52007490322,126.977937544932
극동그린,37.542081527886,127.009867068046
브라운스톤2차,37.5475783898582,127.015346844143
서울숲성수현대,37.5481709990274,127.04095334291
래미안프리미어팰리스,37.537711863986,127.081548897452
이튼타워리버5차,37.5321855386616,127.06903104242
한강극동,37.5337685742881,127.064448158666
우신,37.5415169496626,127.092109808531
자양강변I-Park,37.5313074199095,127.069650109926
자양8차현대홈타운,37.5334859623824,127.07203305701
자양9차현대홈타운,37.5337410199579,127.069196416727
삼성로얄3,37.5551557720133,127.092623421765
주성힐스톤,37.5433817680657,127.091155037089
워커힐,37.5505202819769,127.106554627171
우성6,37.5367334966311,127.070594373344
이튼타워리버2차,37.5355051981789,127.069164103799
이튼타워리버3차,37.5329892543915,127.068060255215
현대5,37.5397148467697,127.100097759202
청계천대성스카이렉스1,37.5719992994833,127.02391225637
신이문금호어울림,37.6037505972754,127.062957573829
형인허브빌2차(566),37.5633117475362,127.068499825008
래미안장안,37.566445230313,127.072426877432
현대홈타운3차,37.5746981267463,127.073074803044
이수브라운스톤,37.5822001108387,127.034083932884
휘경베스트빌현대,37.5816647278231,127.074189400955
공감대6차(384-1),37.5711945595214,127.069729573262
장안삼성쉐르빌,37.5716707486031,127.069859628795
가야써니빌(373-7),37.5696018595628,127.069288779614
장안평월드메르디앙2차,37.5633565631434,127.071180433514
르메이에르장안타운6차,37.5709810095615,127.072739391257
청계한신휴플러스,37.5723553121327,127.046019329585
새한그린빌(306-10),37.574117723716,127.07127750037
르메이에르장안타운3차,37.5709493499126,127.073522682238
래미안미드카운티,37.5744246920538,127.056267653451
신현대,37.5896046831577,127.051822428181
전농우성,37.5772719673359,127.064958044841
휘경센트레빌,37.5910250403914,127.068389230883
장안위더스빌,37.5662781673123,127.062186441493
미주,37.5840013582663,127.046766367893
클래식타워,37.5658508422091,127.054688441544
청솔2차우성,37.5755574275884,127.062012465081
래미안장안2차,37.5739643441634,127.075387468834
휘경SK뷰,37.5936190873694,127.066173973199
신안1,37.6128551779041,127.080992546994
상봉듀오트리스,37.5974404475209,127.092241321677
SG타워,37.5936999797427,127.079755565828
위더스빌,37.6145675645809,127.077140635067
용마금호타운,37.5827673646121,127.094265154541
극동늘푸른,37.6146144421553,127.076129132154
한일써너스빌,37.5971033094494,127.091181352662
신내역금강펜테리움센트럴파크,37.609280353709,127.110111359196
두산2,37.5805528586606,127.083558345922
브라운스톤태릉,37.6187414214185,127.08242725632
금호어울림(580),37.6022199011735,127.109269400548
신내대림아파트,37.6160515822467,127.088201260977
현대아이파크,37.6105098434999,127.073659575819
동성7,37.6060544878653,127.097141297689
묵동자이(2단지),37.6138458731114,127.077552615476
신내우디안1단지,37.6173725389127,127.10682404743
신내 데시앙포레,37.6151579384782,127.110126255007
태영데시앙1,37.6031459393664,127.092739964795
건영캐스빌,37.6025354672198,127.091187076268
용마동아,37.5788718534659,127.094909721926
화성.두산아파트,37.6136323565234,127.095137479055
면목동금호어울림아파트,37.5772688573595,127.089180691778
이편한세상화랑대,37.6159945268682,127.083016486874
두원,37.5734234639421,127.079794159815
사가정센트럴아이파크,37.5823558617405,127.081720632706
중랑숲리가,37.602359686168,127.104954882562
프레미어스엠코,37.598101220303,127.090513674158
용마산하늘채,37.5724757281377,127.087033475684
두산3,37.5797311516001,127.083048887966
대성유니트,37.6027308952846,127.096508353405
세원,37.6092210031192,127.07433885262
동성타워프라자,37.6080532191686,127.097279347621
신내두산아파트,37.6160515822467,127.088201260977
건영2차아파트,37.6012129721752,127.093061552443
데시앙,37.6109225846863,127.099458305129
동구햇살,37.6133092647094,127.074443044774
정릉힐스테이트3차,37.6144302680147,127.007547825596
길음서희스타힐스,37.6053900689558,127.027298893023
한신플러스A,37.5934162754805,127.011174184761
래미안세레니티,37.5992448373509,127.031050089448
길음뉴타운신안파크아파트,37.6141280572304,127.015902356929
삼선에스케이뷰,37.5873141701073,127.011639179336
우남푸르미아,37.6058820062924,127.046592295148
돈암동 풍림아파트 101~105동,37.5958567117629,127.02340512447
정릉꿈에그린,37.60163325465,127.010858105946
일신건영휴먼빌아파트,37.6007329051266,127.012568720788
우림카이저팰리스,37.6019639910993,127.03348913167
길음뉴타운7단지(두산위브),37.6096747261883,127.019032016559
길음뉴타운6단지(래미안),37.6062694708825,127.022893664052
길음뉴타운3단지푸르지오,37.6101143477321,127.016442073865
종암에스케이,37.6011857517073,127.036988885164
이편한세상보문,37.5826754585576,127.015840868484
이수브라운스톤돈암,37.5980217244898,127.017576773103
돈암동삼성,37.5994822164406,127.023373194038
아이파크종암동1차,37.602534840189,127.029865332341
래미안아트리치,37.6060457872052,127.063614432719
돈암코오롱하늘채,37.5992700563333,127.012569607103
길음뉴타운9단지(래미안),37.6037838061852,127.019452698782
우정에쉐르,37.6000207685188,127.010672609588
월곡두산위브,37.607033098723,127.038365407563
보문리슈빌하우트,37.5872459099988,127.019555501687
길음동동부센트레빌(1278-0),37.6102709913229,127.024462245599
래미안월곡,37.610440395666,127.036873189543
돈암동더샵아파트,37.5976209472385,127.010006432046
래미안크리시엘,37.6009876756256,127.030155293619
한진(609-1),37.5941783218836,127.010321322145
꿈의숲수림채,37.62404017466,127.045418066338
북한산굿모닝,37.6621002064549,127.011965010712
효성네오인텔리안,37.6386747667765,127.027039148071
두원프라자,37.6227390335289,127.027004489962
북한산노블리스빌,37.6526184364074,127.010209851937
포엠빌,37.6405171651667,127.025115489901
성북프라자,37.6215674227472,127.026460013483
현대(190-2),37.6307830435313,127.025793298194
영남,37.6389043576722,127.0249019433
미아한일유앤아이,37.614985442801,127.036554784672
기산그린,37.6274734188867,127.04365714028
수유현대,37.6454191036544,127.018550275221
송천센트레빌,37.6127523875236,127.025814365129
래미안수유,37.6447576270981,127.018385246533
꿈의숲해링턴플레이스,37.6184958950826,127.034691191838
번동완성주상복합아파트,37.6246731415281,127.037105869031
수유벽산1차,37.6423798343361,127.018988803349
꿈의숲롯데캐슬,37.6174080707171,127.036391166899
삼각산아이원,37.6152263118285,127.01812709371
에스케이북한산시티,37.6179760334621,127.01263074872
벽산라이브파크,37.6211496720682,127.010827075164
양우내안애,37.6832798336953,127.04952914866
한양1,37.6459021096389,127.030692970618
창동그린아파트,37.6538259884785,127.045242760379
창동현대타운,37.6470828436738,127.035226059775
창동역블루핀1동,37.6605185232584,127.049623388974
벽산아파트1,37.6604565423523,127.032527356121
시티프라디움,37.6470685742338,127.026784518655
대상타운현대아파트,37.6651428823127,127.048141717457
방학동삼성래미안2,37.6648846907662,127.045805061018
삼환도봉,37.6810593866472,127.04884839583
북한산월드메르디앙,37.6537778364103,127.013624075412
도봉파크빌2,37.6843714025297,127.05072081523
브라운스톤방학아파트,37.6640160368683,127.044915277439
동익미라벨,37.6512628099218,127.024824026691
태솔에버빌아파트,37.6625550118092,127.045836950209
창동2차현대,37.6610336966577,127.046089315065
신원2,37.6583073087137,127.035750750525
성원아파트,37.6618360175175,127.035703142134
신일라이프,37.650544655912,127.029440003072
신동아아파트4,37.6628054159966,127.029379109557
대우파크힐(쌍문동이안),37.6515523296978,127.029018174117
극동아파트,37.6645080610932,127.026854480279
중흥에스-클래스,37.6847891360472,127.047149731171
청구아파트,37.6580488858301,127.026228957921
현대조합,37.6557910057363,127.040868682592
우성아파트1,37.6580383072687,127.023857206994
한양7,37.6560145987519,127.033853936885
유원도봉,37.6818316372914,127.050296120815
거성학마을아파트,37.6666102018529,127.039453759806
태영데시앙,37.6428035408469,127.033329906769
한양6,37.655894351358,127.028991985722
신동아아파트2,37.6591075908241,127.023416013429
주공19단지(창동리버타운),37.6492614170598,127.0508054847
우성아파트2,37.6569741255456,127.021688802247
에덴,37.6603210622453,127.039518090698
북한산아이파크5차,37.6579097559237,127.043633590922
럭키,37.6792280982444,127.044416589132
창동주공3단지(해등마을),37.6500631583751,127.04420113616
신동아아파트1,37.6609347988243,127.0267260331
두산힐스빌아파트,37.6209351870697,127.079878214628
양지마을(대림)2,37.6534324673993,127.072310927385
중계현대2,37.6558922765504,127.073994045028
월계흥화브라운빌,37.6316105424881,127.04396713928
불암현대,37.6678293922943,127.081618174815
동신,37.617552477555,127.061266120643
청구(366),37.6520774737315,127.08026183166
노원현대,37.6586154725619,127.063184635313
롯데우성,37.6468291149362,127.072828819069
상계신동아,37.6674019609175,127.067519070185
진로유통조합대림,37.6488617334993,127.081896451525
청솔아파트8,37.6232695689707,127.086010646808
한신월드,37.6484835223053,127.083663400175
대망드림힐1,37.6763792535404,127.058362082484
삼익포레스트아파트,37.6269131279747,127.082005016461
한일2,37.6212224455872,127.062004500362
태릉우성아파트,37.6245301199643,127.084793114871
동진신안,37.649753153864,127.078467913085
포레나노원,37.6640540533317,127.062361877372
청구3,37.6498275508447,127.074331602869
중계3우성,37.6524185993566,127.073029868368
신동아(366),37.6520774737315,127.08026183166
화랑타운아파트,37.6236130522383,127.088532352814
하계1청구,37.6393888471761,127.071555308755
대주파크빌아파트,37.6211555272767,127.072254959985
미도,37.6462253424076,127.060952224108
한신동성,37.6398090940931,127.075557282958
태릉해링턴플레이스,37.6259281351867,127.083084399952
우남그랜드,37.6158487589869,127.067452153473
풍림아이원,37.6166125600718,127.066759655645
월계센트럴아이파크,37.6302464149326,127.057463536772
대림벽산(363),37.6472759968008,127.07791494805
롯데캐슬루나,37.6265472079358,127.049792127486
건영3,37.6485882715667,127.074295126943
우림루미아트1,37.6745865733172,127.056138825586
대동,37.621772863049,127.060433283371
명진(200-115),37.5947935478147,126.908727029472
녹번역센트레빌,37.5986184438228,126.926703301824
자선메르시안(400),37.591877170992,126.920092841619
증산중앙하이츠,37.5831532545845,126.908243661665
이랜드타운아파트,37.5905782683193,126.90385947524
한국리치빌,37.6031584781006,126.914188156643
드림캐시아2,37.5988432538883,126.920863231216
상림마을6단지푸르지오(601~605동)BL1-8,37.6468174062531,126.930006027686
마고정3단지센트레빌(310~322동)BL2-3,37.6330478499663,126.927340294242
뉴서울(277-2),37.5996054708583,126.906882357592
개성하이뷰,37.6009330131786,126.910879964123
프라임팰리스,37.5994317662608,126.918458977343
신성수정,37.5927419948865,126.906318080601
구파발9단지래미안(916~928동)BL3-2,37.6438624977627,126.920017019451
응암하이포롬,37.5969211208422,126.919063567093
경향파크,37.610571697834,126.905760582255
태경맨션,37.601313521639,126.912959440125
동광갈현베르빌,37.6121361321615,126.916852910626
남양구르미아파트,37.6273044938956,126.92153937996
경향렉스빌,37.6007392357361,126.926045324157
상림마을8단지롯데캐슬(821~830동)BL1-12,37.6419845917913,126.922606227427
코오롱하늘채,37.6230661587328,126.911595277888
은평스카이뷰자이,37.635172972633,126.917817891844
미미,37.6189925230757,126.913538710261
우물골2단지두산위브(209~222동)BL2-8,37.6363158180727,126.931411345217
백련산해모로,37.5962667571824,126.922047341972
두일,37.6185802233894,126.905199534901
선구,37.6177239238883,126.915266038492
북한산힐스테이트7차,37.6165291109629,126.926683005796
서강스카이빌,37.5998093594522,126.9214977136
은평뉴타운 제각말 푸르지오(5-3단지),37.6390030772965,126.934876986729
신사코아,37.6006334683264,126.909975633213
백련산힐스테이트1차,37.5924138318716,126.925226536648
은평뉴타운 제각말 푸르지오(5-1단지),37.6364004361044,126.935760587979
구파발10단지어울림(1011~1019동)BL3-1,37.6437016075042,126.917052851909
대림아파트(276),37.6000986139525,126.937044371203
상림마을7단지아이파크(702~705동)BL1-4,37.6470178993725,126.927656652397
연리지,37.6016493430613,126.916227476359
북한산푸르지오,37.6068385939235,126.93626654464
리더스파크,37.59928973309,126.915335301904
백련산힐스테이트2차,37.5908269199714,126.923546818296
래미안베라힐즈,37.6040543353051,126.936396889141
은평뉴타운기자촌11단지,37.6341673992865,126.933903038575
DMC센트럴자이(1단지),37.579982499336,126.903633434786
은평신사두산위브,37.5999408732609,126.905701745197
갈현1단지e-편한세상,37.6118777632825,126.906203021872
라이프미성,37.6148201496954,126.928054489549
북한산래미안아파트(1단지),37.6115459583067,126.938580698515
DMC센트럴자이(3단지),37.579982499336,126.903633434786
녹번역e편한세상캐슬,37.5992189656793,126.930904468222
상림마을7단지아이파크(706~708동)BL1-3,37.6460636102252,126.92625411184
리베르떼-빌(LibertVille),37.5652632061387,126.933694012596
DMC휴먼빌아파트,37.5774332026934,126.912025441653
풍림2,37.593375689781,126.943080365457
동일,37.598485623693,126.946663076078
힐스테이트홍은포레스트,37.5864765081814,126.924856018645
태영으뜸(데시앙),37.5936456239833,126.946741942579
선명(102동),37.5740304448768,126.927877760379
파크힐,37.5859008575703,126.941564501583
인왕산한신휴플러스,37.585252170243,126.947368473304
화신,37.5646789269389,126.955646756317
홍은미성,37.5937393243817,126.935370168852
우민A,37.5644699830209,126.957101899058
북한산더샵,37.5934132582275,126.941598938105
연희파크푸르지오,37.575684003261,126.928558106259
홍제삼성래미안,37.5783538682014,126.95129779809
홍은동풍림아이원,37.6036449199212,126.948383228249
현대(1 * 2차),37.5902548794754,126.938328720978
제니스,37.5871571884924,126.947885232849
충정솔레디움(102동),37.5618898762971,126.96095782878
홍제비콘드림힐,37.5905965361709,126.949308809924
홍제센트럴IPARK,37.5845073711947,126.945497402073
유원하나,37.5951296272667,126.952165445079
홍제한양,37.5833210740055,126.946971087746
고은,37.5857116829706,126.94481754879
인왕산벽산,37.5923849024246,126.948447054576
독립문삼호,37.5703103898017,126.958794223203
DMC파크뷰자이1단지,37.5722579341307,126.917837154419
DMC센트럴아이파크,37.5793624340491,126.920840268509
충우,37.5727436535258,126.928040650204
도화동현대,37.5394262391027,126.953860158167
상암월드컵파크7단지,37.5817590063066,126.881479978349
태청,37.555788292776,126.906716105074
대원칸타빌,37.5480841409706,126.93365853591
신공덕래미안3차,37.5455442470644,126.956827021445
도화현대,37.5402564246835,126.953870961641
밤섬힐스테이트,37.542653348074,126.93266589588
마포경남아너스빌,37.5491224507214,126.934301404394
대림2차,37.5409548676192,126.940721655411
마포자이2차,37.5491008877606,126.941802482192
서교푸르지오,37.5537936941359,126.923694441522
공덕현대,37.5482849729045,126.950136970049
마포트라팰리스,37.5414404376234,126.9472231078
서강예가,37.5483625364439,126.929439473336
창전동현대홈타운,37.5510214470245,126.931850132328
래미안공덕5차,37.5506244659664,126.952220382962
한화꿈에그린,37.5471055264549,126.955448049561
상암월드컵파크5단지,37.5802112884678,126.885970559624
행복한세상,37.5401311792193,126.825859527819
삼정그린뷰,37.5228033270409,126.838546157349
신일해피트리,37.5175068701978,126.84875135021
우당,37.5296061031069,126.865703955997
은성마을승윤노블리안,37.5408475924845,126.827969375308
동원데자뷰,37.543274868093,126.827959271934
목동성원,37.5358479839678,126.869907138224
동양브로미(101동)A,37.5240027859809,126.84558768554
푸른마을4,37.5132903229945,126.839044879327
목동현대1,37.525985700169,126.872700785544
팰리스필,37.5280006180533,126.854309711364
신안파크,37.5233765603266,126.829579444411
목동2차아이파크,37.5367199315549,126.870773219155
빛여울,37.5350995452927,126.824578802008
목동삼성,37.5157650231026,126.876370125698
동문굿모닝탑,37.5150554982334,126.860756714498
목동현대3차,37.5203887008316,126.877235446867
태진,37.5261866744531,126.84672601378
힐타운,37.5422930519782,126.868396544723
대림아크로빌,37.515425616177,126.859603067999
하이페리온2,37.5243483395844,126.869916701549
목동신시가지2,37.537476456673,126.875940767923
주남헤븐107동,37.5302886901764,126.830149759542
목동신시가지9,37.5185420579875,126.862404579736
벽산블루밍2단지,37.5136240359991,126.841496388784
수명산그린시아,37.5434895636155,126.828570269002
목동신시가지7,37.5288232909409,126.867840519363
대원칸타빌2,37.5321817245297,126.866836149715
목동신시가지5,37.5341158028542,126.882083784433
신월동방원,37.5274269820233,126.835209352477
목동센트럴아이파크위브4단지,37.5180177927167,126.844012878449
롯데캐슬위너,37.5468252120401,126.867150717582
목동신시가지8,37.5216269650802,126.867656607229
청솔수(711-6),37.5503160972745,126.832485324659
은하,37.5432835900986,126.833286242329
청성,37.5741657797563,126.812000171114
오케이A,37.5385710551604,126.84620315719
신안,37.5687748573081,126.823373808305
대종,37.5402442217119,126.840839792453
리버펠리스1동,37.5509526130138,126.877154099702
웰라이빌,37.5285700780833,126.842739999797
태경(347-13),37.5322743318752,126.842988367429
강서아이파크,37.550540480011,126.849082061962
일광,37.531816236189,126.845978308254
마곡드림힐,37.5706065129227,126.815035303455
서부인터빌아파트,37.5409680962898,126.839450904964
등촌동현대2차,37.5562896818677,126.855736674628
우장산월드메르디앙,37.5543841861533,126.83823382591
마곡엠밸리8단지,37.5639536123299,126.819605455478
마곡우림1차아파트,37.5718718253448,126.815007497084
내츄럴2차,37.551760377308,126.832853621626
동성,37.579602932122,126.812182127338
한림리첸빌101동,37.5730851251569,126.818152811385
이너스101동,37.5528853346466,126.831502922704
마곡수명산파크2단지,37.5545042353103,126.827440597469
공항동부센트레빌,37.5605922768697,126.808123426326
신안네트빌1단지,37.5710588449288,126.810174645333
A.G.S.드림,37.5525173361628,126.840031020836
스카이,37.5626148867809,126.813785024509
"""등촌7",37.56080406349,126.851687961989
미성아파트(연립),37.5359547123781,126.844878864704
월드메르디앙,37.5646053489157,126.847224136537
염창동한강우성,37.5557364730159,126.870260078656
마곡엠밸리5단지,37.565844277528,126.817856201995
마곡엠밸리9단지,37.5622669688172,126.81920602303
마곡엠밸리3단지,37.5681009925648,126.820143984036
등촌동아이파크,37.5439005769284,126.859981715413
마곡엠벨리(15단지),37.556726750174,126.828076496675
한강타운,37.5713848523162,126.844987319453
부영,37.5635578457422,126.843641011129
우장산롯데캐슬,37.5556368030986,126.848318501804
화곡한강,37.5450513589177,126.842211452758
강서월드메르디앙,37.556864954614,126.843013179215
"""등촌1",37.5649734120019,126.842430453381
화곡푸르지오,37.5446220190794,126.831442765438
탑건진선미,37.5362453143624,126.846141178613
마곡우림필유아파트,37.5717925752818,126.821349834096
e편한세상염창,37.5489515385441,126.870778019807
염창3우성,37.5512994254885,126.867424675484
대림e편한세상,37.5336462319505,126.837356988102
강변힐스테이트,37.5512518819948,126.874542960241
신송타워,37.5584659129699,126.847813313401
마곡태승훼미리아파트,37.5712848693104,126.819988379217
동신대아,37.5721731420165,126.843356532019
삼정그린코아,37.5479652131545,126.874704745545
강서힐스테이트,37.5466340065991,126.840034541157
고척LIG리가1차,37.5056327803548,126.86142962034
금호,37.4998873159365,126.892160177534
다청림101동(143-1),37.5001391945567,126.830930766331
대상,37.4823141960706,126.849781656303
천왕연지타운1단지,37.4863835703857,126.840081687518
쌍용플래티넘노블,37.5011525300273,126.891397366533
우남퍼스트빌더센트럴,37.4771497555445,126.82067737771
고척월드메르디앙,37.5029451933791,126.86314728276
대림e-편한세상5,37.5070381442343,126.880726434458
천왕이펜하우스4단지,37.4806068586758,126.837972197254
개봉동상우,37.493539865586,126.862140395119
한양수자인에듀힐즈,37.4779939218141,126.826049153125
벽산베스트블루밍,37.5046993958887,126.859115918366
신도림3차푸르지오,37.5068453722088,126.884118832903
우성꿈동산,37.5031584820158,126.866312742274
동인,37.4936157438896,126.84882012187
대림아르빌,37.4905183603451,126.895241945722
보람쉬움,37.4866688148574,126.897616126799
서해그랑블,37.4869191670085,126.82941546527
서울가든,37.5026965980834,126.860597588858
율포그레이스빌,37.4948353453655,126.855663405582
한국현대,37.4978365119309,126.875376822835
금강,37.4929926320806,126.847646600597
청솔우성,37.5062122000515,126.859888142289
개봉동현대아이파크,37.4900606508744,126.85978624525
삼환로즈빌,37.4978848081215,126.857974675569
현대파크빌,37.5003681118877,126.889934211727
고척파크푸르지오,37.5076107829514,126.858113348584
SKVIEW,37.5070050872767,126.886497534129
센츄리,37.5044524027282,126.86230162527
천왕연지타운2단지,37.4833077901474,126.844803139606
신구로자이,37.4998966345713,126.884112834869
항동중흥에스클래스베르데카운티,37.4810367866964,126.820790760052
동부골든,37.4992909110144,126.839531583839
우민늘푸른,37.4880196828403,126.893924872898
신안타워,37.49584069244,126.888828116887
대우,37.5030248070323,126.855476756678
동아2,37.5085457625955,126.885892478427
신도림현대,37.5048164707841,126.885764474143
오류동금호어울림,37.4984566083239,126.839154866366
동아3,37.5095494557989,126.884199706954
신도림태영타운,37.506076648181,126.888628588877
개봉푸르지오,37.5003989142298,126.848147697161
대림1,37.5058449867495,126.880590578918
대림e-편한세상4,37.5106003394881,126.886846789329
한일유앤아이,37.5079923546198,126.851154956339
신성미소지움,37.479457829213,126.896643712778
현대상선,37.4960519869948,126.875213329214
대림e-편한세상7,37.5084845025198,126.882772416879
하버라인3단지,37.4793380760672,126.824182383715
대림역경남아너스빌,37.4933588748574,126.893129384011
각산,37.4559923837797,126.887024730146
원평5차,37.4739816354631,126.887146319547
한아마인드,37.4670144360773,126.89410320597
남서울건영아파트,37.4528488059904,126.898715349579
신도브래뉴,37.4774000409794,126.900238433464
칠성(3),37.4344463759065,126.905206280985
관악산신도브래뉴,37.4479379750889,126.910620803071
독산동아아파트,37.4699490765322,126.906324806118
라이프,37.4610803410277,126.892269962037
우방,37.4493778208533,126.913439789898
남서울건영2,37.4492852104287,126.910792562458
벽산3,37.4531329985761,126.917763976913
한신아파트,37.4565209738324,126.88803052732
남서울힐스테이트,37.4477871989419,126.900966570969
리치힐101동(993-25),37.4728866510426,126.904984452083
문성,37.4762312690542,126.905634007762
동은5차,37.4773048471009,126.906801198187
독산동중앙하이츠빌,37.4648129442296,126.888559946819
관악산벽산타운5,37.4479160600139,126.918442104095
힐탑,37.4769803164988,126.908082965278
문래두산위브,37.5168756500972,126.885817922217
롯데캐슬아이비,37.5201951845943,126.931743565817
대림현대,37.4930271633818,126.908176269801
동양,37.5420953681164,126.889774229935
우성5,37.506772688615,126.903492486264
브라운스톤당산,37.5275616499524,126.901882778959
문래자이,37.5161435802169,126.896777740873
신동아파밀리에,37.519786915481,126.900391525962
래미안에스티움,37.5011229670024,126.913908792533
우성1,37.495536270806,126.900586695699
미성,37.5204821824446,126.923972038897
다울아파트102동,37.5094510190865,126.921634853321
시범,37.5206933527238,126.937105491683
문래모아미래도,37.5170218003715,126.887043981913
e편한세상영등포아델포레,37.4943934373007,126.90677940214
양평현대6차,37.5318487496203,126.893510634364
문래힐스테이트,37.5183596867889,126.890863632146
당산센트럴아이파크,37.529977001915,126.903128849889
아크로타워스퀘어,37.5243801067433,126.906871180548
포레나영등포센트럴,37.5233606097041,126.905606241539
우성2,37.4982165063335,126.912565038201
보라매파크빌,37.4944119128135,126.915531973989
롯데캐슬비엔,37.4968253149696,126.943579717058
상도동래미안1차,37.5047906409576,126.933985374094
이수브라운스톤상도(527-0),37.5060045181418,126.943824228081
보라매나산스위트,37.4906911578535,126.92395192537
상도1차갑을명가,37.4936083058162,126.934077539759
대방1차e-편한세상,37.5121392075598,126.928967882525
삼인,37.5043410124659,126.922656137397
대성유니드,37.4933197627188,126.975331922893
보라매삼성쉐르빌,37.4914351023845,126.923367582379
롯데캐슬에듀포레,37.5043325032888,126.95965566148
중앙하이츠빌,37.4990754084704,126.949791769181
한신휴플러스,37.5090587317247,126.949798994942
이수교KCC스위첸,37.4976673624748,126.981032972614
래미안로이파크,37.4885121810048,126.973323417623
두산위브트레지움2차,37.5038799849199,126.942775389314
흑석한강푸르지오,37.5032802126722,126.965617894482
상도더샵2차,37.5025918732377,126.943452784746
e편한세상상도노빌리티,37.5053357229011,126.947797962972
사당롯데캐슬골든포레,37.4917967324373,126.962169440604
신동아4,37.4896946254326,126.975650061703
명수대현대,37.5078356376452,126.966995755893
흑석한강센트레빌Ⅱ,37.5022759634365,126.958629091553
동원낙성대,37.4764527130152,126.962091933628
서초,37.4637301605186,126.932082603059
부미아띠랑스힐,37.474839816386,126.954441635862
한라타운아파트,37.476541586877,126.915152218223
신림동신도브래뉴,37.483710302599,126.911493016213
두영,37.4747991262124,126.913909037697
효림다온,37.4841027690061,126.936385986703
미래,37.4743689145188,126.915939700267
관악산휴먼시아1단지,37.4616571207165,126.921208668907
신림2차푸르지오,37.4613442263637,126.919908571535
신림푸르지오,37.4791218767665,126.910484296891
뉴파크플러스(1608-27),37.4760475750327,126.954092584862
로마아트빌,37.4896093384051,126.939412377254
우민조원,37.4841814728251,126.907536064129
건영4,37.4803693369171,126.933100688351
낙성대현대홈타운,37.4806628489654,126.963489269299
서울대입구삼성,37.4761521033254,126.952078356798
관악중앙하이츠포레,37.4795657585191,126.939863564693
앰팰리스아파트,37.4747006007097,126.936632155983
봉천동아,37.4895920965132,126.955554597324
보라매삼성,37.4941052853678,126.928177342998
동부,37.4805264748276,126.929237392735
금호2,37.4682499779039,126.944282502442
보라매롯데캐슬,37.490539138855,126.92505004095
두산,37.4845267749186,126.942894626699
e편한세상서울대입구2단지,37.4762733540956,126.942526812084
관악드림(삼성),37.489767905811,126.950619822698
낙성대현대아파트,37.4723908122469,126.966365956183
건영1,37.4763139977688,126.912321719249
서초포레스타2단지,37.4553807440196,127.060992084986
방배블레스밸리,37.4777665128051,127.001237851333
강변,37.5177496639756,127.012287721629
삼광,37.4936674209938,127.000819717445
샹보르,37.4901191351249,127.022768839201
신반포르엘,37.5168952731186,127.013649035021
아크로리버파크,37.5054572291322,126.992771916234
은탑리더스카운티,37.5131518613692,127.023917900591
개포우성1,37.4911253659298,127.059895803084
현대2,37.4824775018158,127.05125279339
빌폴라리스,37.5256040446866,127.053667026561
롯데캐슬리베,37.4962455702665,127.053993178396
한라비발디,37.4877358123073,127.039177902268
개포주공7단지,37.4890750603132,127.071512090879
우성사원5,37.4859710758229,127.047581472593
위례중앙푸르지오2단지,37.4747301269203,127.142814347346
송파파인타운12단지,37.4785343214919,127.132006876001
갤러리아팰리스,37.5111038313694,127.093918656887
송파레이크파크호반써밋Ⅰ,37.4845453113215,127.138843147048
현대1차,37.4928499146725,127.141031891927
2차한양아파트,37.5050878510736,127.116178045093
올림픽선수기자촌3단지,37.5175616546675,127.136371627591
현대1,37.5293864522228,127.118902312279
잠실푸르지오월드마크,37.5174387314714,127.10357764333
위례2차아이파크,37.4795670927017,127.143714568094
잠실올림픽공원아이파크,37.5257689008856,127.114557641967
강변현대,37.5339087989976,127.111562810559
송파호반베르디움더퍼스트,37.5052277287506,127.139683866775
리센츠,37.5127510583527,127.088417185047
장미2,37.5200313952778,127.10261654141
가락(1차)쌍용아파트,37.4955429569204,127.128117809357
강일리버파크2단지,37.5692016717333,127.17613480554
우암쎈스뷰,37.5534144834426,127.129602920973
하나플러스ll,37.5253425066267,127.13154595693
현대3,37.5273638048142,127.144872924375
라이프101동(544)102동(544-1),37.5295548434094,127.13957388613
우정아파트,37.5441734311924,127.1412021827
세양청마루,37.5332953217941,127.140583048773
동양타워,37.5520654877796,127.154073198436
동방,37.5313737269484,127.133066360532
강동이루미아파트,37.5438629458953,127.140447640306
고덕리엔파크3단지,37.5528325043365,127.175022524959
광남벨라스2차아파트,37.542779865803,127.138915312211
중앙,37.5499011629322,127.145217100097
미랜드프레임빌,37.5298920152097,127.131147453428
성내동삼성아파트,37.5307605206146,127.125987937235
동아하이빌아파트,37.54471338622,127.134419888871
원다빌2,37.5333682605474,127.127773485492
프라자,37.5354014142171,127.148242028966
천호동삼성아파트,37.5387182059275,127.135228656951
한솔솔파크,37.5338794110498,127.148053578776
강일리버파크5단지,37.5675089335842,127.178202563017
예전이룸1차,37.5351227909178,127.140834713944
에스엠이로빌,37.5396917928278,127.141636258474
제일아파트,37.5444319671439,127.127549192066
고덕롯데캐슬베네루체,37.5485938849143,127.167800631257
강일리버파크6단지,37.5639436159872,127.176396335744
태천해오름15차,37.528322755649,127.131215979328
힐데스하임천호아파트,37.5418824980613,127.1261254603
광남벨라스2차아파트(53-32),37.5425461773846,127.138812587615
천호1차우림루미아트,37.5441186446406,127.13969201064
신동아,37.5537388436088,127.152109058036
한강훼미리,37.5466771520851,127.144678654198
삼익가든,37.547202466583,127.147708870852
천호2차우림루미아트,37.5430656878011,127.140644730943
하나플러스,37.536167703341,127.144175788422
한강포스파크,37.5562378899734,127.134242531809
명일지에스아파트,37.5490172711955,127.145666455175
강일리버파크4단지,37.5671442236018,127.17639426168
강일리버파크7단지,37.5648200812712,127.178926216469
성내1차e-편한세상,37.5332945907173,127.130952135652
효정하나플러스,37.5514276188639,127.134266269565
코오롱2,37.532487217051,127.121761155624
다성씨티아파트,37.5426425137757,127.139255084876
고덕주공9,37.5479073564229,127.151658365827
래미안힐스테이트고덕,37.5589494593044,127.147082524967
고덕 아이파크,37.5589302752302,127.155240395295
고덕센트럴IPARK,37.5522479658082,127.166786120594
롯데캐슬퍼스트,37.5566230974592,127.143039980028
올림픽파크한양수자인,37.5267470684684,127.128195139583
